symbol,entry_time,entry,stop,target,quantity,risk_per_share,risk_pct_of_entry,planned_risk,gross_pnl,net_pnl,r_multiple,reason
RELIANCE,2026-08-17 12:30:00+05:30,1303.0,1302.9,1303.1999999999998,7,0.09999999999990905,0.007674597083646128,0.6999999999993634,-0.6999999999993634,-19.514130792533365,-1.0,STOP_TARGET_AMBIGUITY_STOP
HDFCBANK,2026-08-14 14:05:00+05:30,727.75,727.6,728.05,13,0.14999999999997726,0.02061147372036788,1.9499999999997044,-1.9499999999997044,-21.463545212368707,-1.0,STOP_TARGET_AMBIGUITY_STOP
ITC,2026-08-13 11:45:00+05:30,277.9,277.8,278.0999999999999,35,0.0999999999999659,0.03598416696652246,3.4999999999988063,-3.4999999999988063,-23.559968947408805,-1.0,STOP
HDFCBANK,2026-08-28 12:40:00+05:30,715.8,715.5,716.3999999999999,13,0.2999999999999545,0.04191114836545886,3.899999999999409,-3.899999999999409,-23.090861257541405,-1.0,STOP
SBIN,2026-08-05 10:25:00+05:30,1050.5,1050.0,1051.5,9,0.5,0.047596382674916705,4.5,-4.5,-23.99774203431,-1.0,STOP
ICICIBANK,2026-08-21 11:10:00+05:30,1418.2,1417.5,1419.6,7,0.7000000000000455,0.0493583415597268,4.900000000000318,-4.900000000000318,-25.37279038228232,-1.0,STOP
BHARTIARTL,2026-08-20 11:10:00+05:30,1942.8,1941.8,1944.8,5,1.0,0.051472102120650606,5.0,-5.0,-25.03247165714,-1.0,STOP
TCS,2026-08-19 12:55:00+05:30,2279.1,2277.9,2281.4999999999995,4,1.199999999999818,0.05265236277477153,4.799999999999272,-4.799999999999272,-23.599962077039272,-1.0,STOP
RELIANCE,2026-08-14 13:05:00+05:30,1306.0,1305.3,1307.4,7,0.7000000000000455,0.05359877488514896,4.900000000000318,9.800000000000637,-9.069434669483364,2.0,TARGET
ICICIBANK,2026-08-03 11:00:00+05:30,1446.2,1445.4,1447.8,6,0.7999999999999545,0.05531738348775789,4.799999999999727,9.599999999999454,-8.310410273520546,2.0,TARGET
BHARTIARTL,2026-08-06 11:25:00+05:30,1968.6,1967.5,1970.8,5,1.099999999999909,0.055877273189063756,5.499999999999545,-5.499999999999545,-25.798004005989544,-1.0,STOP
M&M,2026-08-10 11:30:00+05:30,3528.3,3526.3,3532.3,2,2.0,0.05668452229118839,4.0,-4.0,-18.551890184056,-1.0,STOP
AXISBANK,2026-08-14 13:50:00+05:30,1216.6,1215.9,1217.9999999999995,8,0.6999999999998181,0.05753739930953626,5.599999999998545,-5.599999999998545,-25.670567722798545,-1.0,STOP
INFY,2026-08-07 12:15:00+05:30,1175.0,1174.3,1176.4,8,0.7000000000000455,0.05957446808511026,5.600000000000364,-5.600000000000364,-24.98406310379237,-1.0,STOP
TCS,2026-08-28 13:15:00+05:30,2344.0,2342.6,2346.8,4,1.400000000000091,0.05972696245734176,5.600000000000364,-5.600000000000364,-24.934555559152365,-1.0,STOP
HDFCBANK,2026-08-13 12:40:00+05:30,728.5,728.05,729.4000000000001,13,0.4500000000000455,0.06177076183940226,5.850000000000591,-5.850000000000591,-25.379206164377592,-1.0,STOP
BAJFINANCE,2026-08-10 12:15:00+05:30,1087.5,1086.8,1088.9,9,0.7000000000000455,0.06436781609195821,6.300000000000409,-6.300000000000409,-26.48260468326641,-1.0,STOP_TARGET_AMBIGUITY_STOP
BHARTIARTL,2026-08-07 12:30:00+05:30,1952.8,1951.5,1955.4,5,1.2999999999999545,0.06657107742728156,6.499999999999773,12.999999999999543,-7.156157704380455,1.9999999999999998,TARGET
LT,2026-08-20 11:20:00+05:30,4054.5,4051.8,4059.9,2,2.699999999999818,0.06659267480576689,5.399999999999636,10.799999999999272,-5.939688842784726,2.0,TARGET
RELIANCE,2026-08-13 13:10:00+05:30,1315.9,1315.0,1317.7000000000005,7,0.900000000000091,0.06839425488259677,6.300000000000637,-6.300000000000637,-25.29401104903464,-1.0,STOP
M&M,2026-08-07 13:55:00+05:30,3493.9,3491.5,3498.7000000000003,2,2.400000000000091,0.06869114742837777,4.800000000000182,-4.800000000000182,-19.209055430344183,-1.0,STOP
LT,2026-08-10 14:05:00+05:30,4068.3,4065.5,4073.900000000001,2,2.800000000000182,0.06882481626232534,5.600000000000364,-5.600000000000364,-22.37790344136836,-1.0,STOP
BAJFINANCE,2026-08-05 11:10:00+05:30,1160.6,1159.8,1162.1999999999998,8,0.7999999999999545,0.06892986386351496,6.399999999999636,-6.399999999999636,-25.54551376377563,-1.0,STOP_TARGET_AMBIGUITY_STOP
INFY,2026-08-04 14:10:00+05:30,1160.1,1159.3,1161.6999999999998,8,0.7999999999999545,0.06895957245064689,6.399999999999636,-6.399999999999636,-25.53726250633563,-1.0,STOP
M&M,2026-08-18 11:10:00+05:30,3422.4,3420.0,3427.2000000000003,2,2.400000000000091,0.0701262272089788,4.800000000000182,-4.800000000000182,-18.91407297686418,-1.0,STOP
AXISBANK,2026-08-31 11:35:00+05:30,1261.3,1260.4,1263.0999999999997,7,0.8999999999998636,0.0713549512407725,6.299999999999045,12.59999999999809,-5.627175996345905,2.0,TARGET
TCS,2026-08-19 13:10:00+05:30,2281.7,2280.0,2285.0999999999995,4,1.699999999999818,0.0745058509006363,6.799999999999272,-6.799999999999272,-25.619132532023272,-1.0,STOP
HCLTECH,2026-08-03 12:15:00+05:30,1354.3,1353.2,1356.4999999999998,7,1.099999999999909,0.08122277191168198,7.699999999999363,-7.699999999999363,-27.24689757894936,-1.0,STOP
LT,2026-08-06 11:20:00+05:30,4066.4,4062.9,4073.4,2,3.5,0.08607121778477277,7.0,-7.0,-23.768466776748,-1.0,STOP
LT,2026-08-14 11:50:00+05:30,4048.5,4045.0,4055.5,2,3.5,0.08645177226133136,7.0,-7.0,-23.69461802266,-1.0,STOP
ITC,2026-08-06 12:40:00+05:30,285.25,285.0,285.75,35,0.25,0.0876424189307625,8.75,-8.75,-29.334635553825,-1.0,STOP
KOTAKBANK,2026-08-05 11:05:00+05:30,396.9,396.55,397.5999999999999,25,0.3499999999999659,0.08818342151674625,8.749999999999147,-8.749999999999147,-29.208288174274145,-1.0,STOP
ITC,2026-08-25 11:45:00+05:30,269.25,269.0,269.75,37,0.25,0.09285051067780872,9.25,18.5,-2.071388390739997,2.0,TARGET
M&M,2026-08-31 11:55:00+05:30,3325.1,3322.0,3331.3,3,3.099999999999909,0.09323027878860513,9.299999999999727,18.59999999999945,-1.998422258856543,1.9999999999999996,TARGET
SBIN,2026-08-20 13:30:00+05:30,1049.9,1048.9,1051.9,9,1.0,0.09524716639679968,9.0,-9.0,-28.481466504456,-1.0,STOP
HINDUNILVR,2026-08-12 14:00:00+05:30,2058.0,2056.0,2062.0,4,2.0,0.09718172983479105,8.0,-8.0,-24.97195655408,-1.0,STOP
AXISBANK,2026-08-13 12:05:00+05:30,1221.1,1219.9,1223.4999999999995,8,1.199999999999818,0.09827204979115702,9.599999999998545,19.19999999999709,-0.9731359378269032,2.0,TARGET
TITAN,2026-08-28 14:00:00+05:30,5166.2,5161.1,5176.399999999999,1,5.099999999999454,0.09871859393750639,5.099999999999454,-5.099999999999454,-15.751090370013454,-1.0,STOP
RELIANCE,2026-08-14 13:15:00+05:30,1307.2,1305.9,1309.8,7,1.2999999999999545,0.09944920440636126,9.099999999999682,18.199999999999363,-0.6963501304206332,2.0,TARGET
ADANIENT,2026-08-12 14:30:00+05:30,2966.0,2963.0,2972.0,3,3.0,0.10114632501685772,9.0,18.0,-0.375467504519996,2.0,TARGET
SUNPHARMA,2026-08-03 11:55:00+05:30,1965.0,1963.0,1969.0,5,2.0,0.10178117048346055,10.0,20.0,-0.2899792306000002,2.0,TARGET
M&M,2026-08-21 14:15:00+05:30,3435.0,3431.5,3442.0,2,3.5,0.10189228529839883,7.0,-7.0,-21.16354480294,-1.0,STOP
AXISBANK,2026-08-31 13:00:00+05:30,1263.1,1261.8,1265.6999999999998,7,1.2999999999999545,0.10292138389675835,9.099999999999682,-9.099999999999682,-27.32839892147368,-1.0,STOP
ITC,2026-08-04 11:15:00+05:30,286.95,286.65,287.55,34,0.30000000000001137,0.10454783063251834,10.200000000000387,20.400000000000773,0.2512795530607725,2.0,TARGET
ITC,2026-08-05 13:45:00+05:30,286.3,286.0,286.90000000000003,34,0.30000000000001137,0.10478519035976647,10.200000000000387,-10.200000000000388,-30.26820518987639,-1.0000000000000002,STOP
LT,2026-08-24 13:25:00+05:30,4090.0,4085.7,4098.6,2,4.300000000000182,0.10513447432763282,8.600000000000364,-8.600000000000364,-25.46400536305236,-1.0,STOP
LT,2026-08-21 14:00:00+05:30,4087.3,4083.0,4095.900000000001,2,4.300000000000182,0.10520392435104302,8.600000000000364,17.200000000000728,0.3176855292487275,2.0,TARGET
LT,2026-08-20 12:50:00+05:30,4082.4,4078.1,4091.000000000001,2,4.300000000000182,0.10533019792279498,8.600000000000364,-8.600000000000364,-25.432650584780365,-1.0,STOP
WIPRO,2026-08-19 11:35:00+05:30,179.39,179.2,179.76999999999998,55,0.18999999999999773,0.10591448798706601,10.449999999999875,20.89999999999975,0.523489847715755,2.0,TARGET
WIPRO,2026-08-07 13:55:00+05:30,187.26,187.06,187.66,53,0.19999999999998863,0.10680337498664351,10.599999999999397,-10.599999999999396,-31.060879787732198,-0.9999999999999998,STOP
HDFCBANK,2026-08-13 14:00:00+05:30,727.95,727.15,729.5500000000002,13,0.8000000000000682,0.10989765780617738,10.400000000000887,-10.400000000000889,-29.909263639034886,-1.0000000000000002,STOP
ADANIENT,2026-08-10 12:15:00+05:30,3001.2,2997.9,3007.7999999999997,3,3.299999999999727,0.10995601759295373,9.899999999999181,-9.89999999999918,-28.46145544061318,-0.9999999999999998,STOP
WIPRO,2026-08-19 11:50:00+05:30,179.78,179.58,180.18,55,0.19999999999998863,0.11124707976414985,10.999999999999375,-10.999999999999376,-31.384346631263377,-1.0000000000000002,STOP
M&M,2026-08-07 12:30:00+05:30,3476.0,3472.1,3483.8,2,3.900000000000091,0.11219792865362747,7.800000000000182,15.600000000000364,1.2415086172723626,2.0,TARGET
SUNPHARMA,2026-08-10 11:20:00+05:30,1953.0,1950.8,1957.4,5,2.2000000000000455,0.11264720942140528,11.000000000000227,-11.000000000000227,-31.130826746420222,-1.0,STOP
M&M,2026-08-04 14:20:00+05:30,3420.8,3416.8,3428.8,2,4.0,0.11693171188026193,8.0,-8.0,-22.103819467936,-1.0,STOP
SUNPHARMA,2026-08-14 13:50:00+05:30,1924.0,1921.7,1928.6,5,2.2999999999999545,0.11954261954261719,11.499999999999773,-11.499999999999773,-31.33114796062977,-1.0,STOP
LT,2026-08-05 11:10:00+05:30,4067.1,4062.2,4076.9,2,4.900000000000091,0.12047896535615282,9.800000000000182,-9.800000000000182,-26.568158776748184,-1.0,STOP
BHARTIARTL,2026-08-10 12:35:00+05:30,1950.0,1947.6,1954.8,5,2.400000000000091,0.12307692307692775,12.000000000000455,-12.000000000000457,-32.09874312384045,-1.0000000000000002,STOP
HDFCBANK,2026-08-11 12:45:00+05:30,729.2,728.3,731.0000000000002,13,0.900000000000091,0.12342292923753304,11.700000000001182,-2.600000000000591,-22.15168734838859,-0.2222222222222503,SESSION_CLOSE
M&M,2026-08-28 14:20:00+05:30,3324.2,3320.0,3332.5999999999995,3,4.199999999999818,0.12634618855663973,12.599999999999454,25.19999999999891,4.599614052526913,2.0,TARGET
WIPRO,2026-08-21 12:25:00+05:30,181.26,181.03,181.72,55,0.22999999999998977,0.12688955092132284,12.649999999999437,-12.649999999999435,-33.20037639832044,-0.9999999999999999,STOP
BHARTIARTL,2026-08-28 13:20:00+05:30,1878.4,1876.0,1883.2000000000005,5,2.400000000000091,0.12776831345826717,12.000000000000455,-12.000000000000457,-31.360255582960452,-1.0000000000000002,STOP
M&M,2026-08-20 12:00:00+05:30,3434.9,3430.5,3443.7000000000003,2,4.400000000000091,0.12809688782788703,8.800000000000182,17.600000000000364,3.4087891433043644,2.0,TARGET
RELIANCE,2026-08-11 13:10:00+05:30,1324.2,1322.5,1327.6,7,1.7000000000000455,0.12837939888234748,11.900000000000318,23.80000000000064,4.651783080532638,2.0000000000000004,TARGET
BAJFINANCE,2026-08-13 14:25:00+05:30,1090.3,1088.9,1093.0999999999997,9,1.3999999999998636,0.1284050261395821,12.599999999998772,-12.599999999998772,-32.82739673990277,-1.0,STOP
HDFCBANK,2026-08-28 12:50:00+05:30,716.25,715.3,718.1500000000001,13,0.9500000000000455,0.13263525305410756,12.350000000000591,-12.350000000000591,-31.54328383087759,-1.0,STOP
WIPRO,2026-08-03 12:10:00+05:30,186.54,186.29,187.04,53,0.25,0.13401951324112793,13.25,26.5,6.075491001866801,2.0,TARGET
TCS,2026-08-14 13:50:00+05:30,2358.2,2355.0,2364.5999999999995,4,3.199999999999818,0.13569671783562964,12.799999999999272,-12.799999999999272,-32.243505283103275,-1.0,STOP
TITAN,2026-08-11 12:45:00+05:30,5146.8,5139.7,5161.000000000001,1,7.100000000000364,0.13794979404679342,7.100000000000364,-7.100000000000364,-17.708788957070364,-1.0,STOP
SBIN,2026-08-12 10:25:00+05:30,1081.0,1079.5,1084.0,9,1.5,0.13876040703052728,13.5,-13.5,-33.55371191151,-1.0,STOP
ADANIENT,2026-08-21 14:05:00+05:30,3001.5,2997.3,3009.9,3,4.199999999999818,0.13993003498250267,12.599999999999454,-12.599999999999454,-31.160230174151454,-1.0,STOP
LT,2026-08-27 13:35:00+05:30,4055.7,4050.0,4067.1,2,5.699999999999818,0.14054293956653152,11.399999999999636,-11.399999999999636,-28.119300357851635,-1.0,STOP
RELIANCE,2026-08-31 11:25:00+05:30,1280.0,1278.2,1283.6,7,1.7999999999999545,0.14062499999999645,12.599999999999682,25.199999999999363,6.688419873463367,2.0,TARGET
M&M,2026-08-05 11:05:00+05:30,3483.9,3479.0,3493.7000000000003,2,4.900000000000091,0.14064697609001667,9.800000000000182,-9.800000000000182,-24.162092107244185,-1.0,STOP
M&M,2026-08-25 11:15:00+05:30,3410.8,3406.0,3420.4000000000005,2,4.800000000000182,0.14072944763692335,9.600000000000364,-9.600000000000364,-23.660736929248365,-1.0,STOP
SBIN,2026-08-21 09:45:00+05:30,1052.0,1050.5,1055.0,9,1.5,0.14258555133079848,13.5,-13.5,-33.015317363550004,-1.0,STOP
SUNPHARMA,2026-08-21 14:00:00+05:30,1891.2,1888.5,1896.6,5,2.7000000000000455,0.14276649746193135,13.500000000000227,27.00000000000045,7.463209417980455,1.9999999999999998,TARGET
HINDUNILVR,2026-08-10 11:50:00+05:30,2091.0,2088.0,2097.0,4,3.0,0.1434720229555237,12.0,24.0,6.719226920640001,2.0,TARGET
HCLTECH,2026-08-24 13:25:00+05:30,1319.7,1317.8,1323.5000000000002,7,1.900000000000091,0.1439721148745996,13.300000000000637,-13.300000000000637,-32.34089206075063,-1.0,STOP
HCLTECH,2026-08-19 13:20:00+05:30,1319.4,1317.5,1323.2000000000005,7,1.900000000000091,0.1440048506897143,13.300000000000637,-13.300000000000637,-32.33656015059464,-1.0,STOP
HCLTECH,2026-08-31 12:55:00+05:30,1313.3,1311.4,1317.0999999999997,7,1.8999999999998636,0.14467372268330644,13.299999999999045,26.59999999999809,7.605979876094096,2.0,TARGET
BAJFINANCE,2026-08-18 12:15:00+05:30,1098.5,1096.9,1101.6999999999998,9,1.599999999999909,0.1456531634046344,14.399999999999181,-14.39999999999918,-34.77757790674718,-0.9999999999999999,STOP
RELIANCE,2026-08-25 12:00:00+05:30,1304.3,1302.4,1308.0999999999997,7,1.8999999999998636,0.14567200797361524,13.299999999999045,-13.299999999999043,-32.11852067274104,-0.9999999999999999,STOP
BAJFINANCE,2026-08-11 14:00:00+05:30,1097.3,1095.7,1100.4999999999998,9,1.599999999999909,0.14581244873780272,14.399999999999181,28.799999999998363,8.395391698162364,2.0,TARGET
ADANIENT,2026-08-21 13:05:00+05:30,2996.0,2991.6,3004.8,3,4.400000000000091,0.14686248331108448,13.200000000000273,26.400000000000546,7.829291382768545,2.0,TARGET
HCLTECH,2026-08-27 12:40:00+05:30,1290.6,1288.7,1294.3999999999996,7,1.8999999999998636,0.14721834805515757,13.299999999999045,-13.299999999999043,-31.92069677561704,-0.9999999999999999,STOP
BAJFINANCE,2026-08-12 13:30:00+05:30,1085.6,1084.0,1088.7999999999995,9,1.599999999999909,0.14738393515106016,14.399999999999181,28.799999999998363,8.612606050270365,2.0,TARGET
HINDUNILVR,2026-08-25 11:20:00+05:30,2026.0,2023.0,2032.0,4,3.0,0.14807502467917077,12.0,-12.0,-28.70335068728,-1.0,STOP
HINDUNILVR,2026-08-24 13:50:00+05:30,2015.7,2012.7,2021.7,4,3.0,0.1488316713796696,12.0,24.0,7.340546605871999,2.0,TARGET
TITAN,2026-08-03 13:30:00+05:30,4899.2,4891.9,4913.8,2,7.300000000000182,0.14900391900718857,14.600000000000364,-14.600000000000364,-34.79561568019636,-1.0,STOP
BHARTIARTL,2026-08-25 09:30:00+05:30,1941.3,1938.4,1947.1,5,2.8999999999998636,0.14938443311182525,14.499999999999318,-14.499999999999318,-34.50615718122931,-1.0,STOP
BHARTIARTL,2026-08-19 14:25:00+05:30,1930.5,1927.6,1936.3,5,2.900000000000091,0.15022015022015495,14.500000000000455,-14.500000000000457,-34.39476520579045,-1.0000000000000002,STOP
AXISBANK,2026-08-27 12:15:00+05:30,1259.0,1257.1,1262.8000000000002,7,1.900000000000091,0.1509134233518738,13.300000000000637,-13.300000000000637,-31.46440223918664,-1.0,STOP
AXISBANK,2026-08-10 13:35:00+05:30,1246.7,1244.8,1250.5000000000002,8,1.900000000000091,0.15240234218337137,15.200000000000728,-15.200000000000728,-35.75633591176073,-1.0,STOP
HINDUNILVR,2026-08-13 14:25:00+05:30,2085.9,2082.7,2092.3000000000006,4,3.200000000000273,0.15341099765090718,12.800000000001091,8.399999999999636,-8.820885714408362,0.6562499999999156,SESSION_CLOSE
WIPRO,2026-08-17 13:40:00+05:30,182.04,181.76,182.6,54,0.28000000000000114,0.1538123489343008,15.120000000000061,-15.12000000000006,-35.380537132536055,-0.9999999999999999,STOP
AXISBANK,2026-08-25 14:30:00+05:30,1234.5,1232.6,1238.3000000000002,8,1.900000000000091,0.15390846496558047,15.200000000000728,-15.200000000000728,-35.55500523022473,-1.0,STOP
WIPRO,2026-08-04 13:25:00+05:30,188.32,188.03,188.9,53,0.28999999999999204,0.15399320305861938,15.369999999999578,-15.369999999999578,-35.94132418622858,-1.0,STOP
ICICIBANK,2026-08-21 13:10:00+05:30,1418.7,1416.5,1423.1,7,2.2000000000000455,0.15507154437161103,15.400000000000318,-4.900000000000318,-25.38001023254232,-0.3181818181818323,SESSION_CLOSE
ITC,2026-08-06 12:00:00+05:30,285.5,285.05,286.4,35,0.44999999999998863,0.1576182136602412,15.749999999999602,-15.749999999999602,-36.3446953292146,-1.0,STOP
LT,2026-08-10 11:55:00+05:30,4059.0,4052.6,4071.8,2,6.400000000000091,0.15767430401576965,12.800000000000182,25.600000000000364,8.824853001712363,2.0,TARGET
INFY,2026-08-28 12:50:00+05:30,1141.3,1139.5,1144.9,8,1.7999999999999545,0.15771488653289711,14.399999999999636,-14.399999999999636,-33.21788396915164,-1.0,STOP
SUNPHARMA,2026-08-20 12:50:00+05:30,1901.0,1898.0,1907.0,5,3.0,0.15781167806417673,15.0,7.000000000000455,-12.615040342059544,0.466666666666697,SESSION_CLOSE
RELIANCE,2026-08-21 11:00:00+05:30,1313.4,1311.3,1317.6000000000004,7,2.1000000000001364,0.15989036089539638,14.700000000000955,-14.700000000000957,-33.648323977422955,-1.0000000000000002,STOP
TITAN,2026-08-25 13:55:00+05:30,5076.2,5068.0,5092.599999999999,1,8.199999999999818,0.16153815846498992,8.199999999999818,16.399999999999636,5.910022668015639,2.0,TARGET
BAJFINANCE,2026-08-13 13:45:00+05:30,1089.9,1088.1,1093.5000000000005,9,1.800000000000182,0.16515276630885234,16.200000000001637,-16.200000000001637,-36.41586154236164,-1.0,STOP
SBIN,2026-08-07 10:10:00+05:30,1089.5,1087.7,1093.1,9,1.7999999999999545,0.1652134006424924,16.19999999999959,-16.19999999999959,-36.40843541066359,-1.0,STOP
ADANIENT,2026-08-24 09:30:00+05:30,3011.7,3006.7,3021.7,3,5.0,0.16601919181857425,15.0,-15.0,-33.62061291633599,-1.0,STOP
BAJFINANCE,2026-08-25 12:00:00+05:30,1080.8,1079.0,1084.4,9,1.7999999999999545,0.16654330125832295,16.19999999999959,-16.19999999999959,-36.24691704627559,-1.0,STOP
HDFCBANK,2026-08-19 14:00:00+05:30,720.35,719.15,722.7500000000001,13,1.2000000000000455,0.16658568751302083,15.600000000000591,3.899999999999409,-15.42177970294059,0.24999999999995262,SESSION_CLOSE
HCLTECH,2026-08-24 12:30:00+05:30,1320.2,1318.0,1324.6,7,2.2000000000000455,0.16664141796697815,15.400000000000318,-15.400000000000318,-34.44571495593232,-1.0,STOP
LT,2026-08-21 13:10:00+05:30,4077.6,4070.8,4091.2,2,6.799999999999727,0.1667647635864167,13.599999999999454,27.19999999999891,10.34629005603091,2.0,TARGET
TITAN,2026-08-19 10:15:00+05:30,5071.0,5062.5,5088.0,1,8.5,0.16761979885624137,8.5,-8.5,-18.95082965853,-1.0,STOP
ITC,2026-08-20 12:30:00+05:30,267.5,267.05,268.4,37,0.44999999999998863,0.1682242990654163,16.64999999999958,33.29999999999916,12.84528601280516,2.0,TARGET
ICICIBANK,2026-08-31 11:15:00+05:30,1424.2,1421.8,1429.0000000000002,7,2.400000000000091,0.16851565791322082,16.800000000000637,33.60000000000127,12.996627238169271,2.0,TARGET
HINDUNILVR,2026-08-20 12:55:00+05:30,2034.0,2030.5,2041.0,4,3.5,0.1720747295968535,14.0,28.0,11.184982966,2.0,TARGET
KOTAKBANK,2026-08-21 11:35:00+05:30,403.05,402.35,404.45,24,0.6999999999999886,0.17367572261505734,16.799999999999727,-16.799999999999727,-36.73484022652773,-1.0,STOP
WIPRO,2026-08-11 14:10:00+05:30,184.01,183.69,184.65,54,0.3199999999999932,0.1739035921960726,17.27999999999963,-5.939999999999202,-26.4304574420644,-0.34374999999996114,SESSION_CLOSE
HINDUNILVR,2026-08-28 11:00:00+05:30,2009.8,2006.3,2016.8,4,3.5,0.1741466812618171,14.0,-14.0,-30.567397502392,-1.0,STOP
BHARTIARTL,2026-08-21 10:55:00+05:30,1948.6,1945.2,1955.4,5,3.3999999999998636,0.17448424509903848,16.999999999999318,-16.999999999999318,-37.07859638741932,-1.0,STOP
ITC,2026-08-07 11:35:00+05:30,285.55,285.05,286.55,35,0.5,0.17510068289266326,17.5,-17.5,-38.09630779178,-1.0,STOP
M&M,2026-08-04 09:50:00+05:30,3414.6,3408.6,3426.6,2,6.0,0.17571604287471446,12.0,24.0,9.885234400368,2.0,TARGET
M&M,2026-08-14 12:05:00+05:30,3409.4,3403.4,3421.4,2,6.0,0.17598404411333374,12.0,-12.0,-26.052221671808,-1.0,STOP
RELIANCE,2026-08-17 12:35:00+05:30,1304.2,1301.9,1308.8,7,2.2999999999999545,0.1763533200429347,16.09999999999968,32.19999999999936,13.330989270619362,2.0,TARGET
BHARTIARTL,2026-08-06 13:05:00+05:30,1965.3,1961.8,1972.3,5,3.5,0.1780898590545973,17.5,-17.5,-37.75027068289,-1.0,STOP
KOTAKBANK,2026-08-14 13:15:00+05:30,392.1,391.4,393.5000000000001,25,0.7000000000000455,0.17852588625351834,17.500000000001137,35.000000000002274,14.739312984802272,2.0,TARGET
M&M,2026-08-03 12:20:00+05:30,3413.8,3407.7,3426.000000000001,2,6.100000000000364,0.1786865077040355,12.200000000000728,-12.200000000000728,-26.27014615674073,-1.0,STOP
TCS,2026-08-07 13:05:00+05:30,2436.5,2432.1,2445.3,4,4.400000000000091,0.18058690744921368,17.600000000000364,35.20000000000073,15.05563371470473,2.0,TARGET
BAJFINANCE,2026-08-18 13:45:00+05:30,1097.6,1095.6,1101.6,9,2.0,0.18221574344023325,18.0,-18.0,-38.35676004458401,-1.0,STOP
RELIANCE,2026-08-20 12:45:00+05:30,1313.4,1311.0,1318.2000000000005,7,2.400000000000091,0.18273184102330522,16.800000000000637,-16.800000000000637,-35.74592702234464,-1.0,STOP
HCLTECH,2026-08-25 14:15:00+05:30,1303.5,1301.1,1308.3000000000002,7,2.400000000000091,0.18411967779057084,16.800000000000637,33.60000000000127,14.739499090933272,2.0,TARGET
M&M,2026-08-05 13:10:00+05:30,3471.6,3465.2,3484.4,2,6.400000000000091,0.1843530360640653,12.800000000000182,-12.800000000000182,-27.10792265244818,-1.0,STOP
HDFCBANK,2026-08-17 12:50:00+05:30,726.75,725.4,729.45,13,1.3500000000000227,0.1857585139318917,17.550000000000296,35.10000000000059,15.570982238292594,2.0,TARGET
HINDUNILVR,2026-08-07 09:45:00+05:30,2095.0,2091.1,2102.8,4,3.900000000000091,0.18615751789976567,15.600000000000364,-15.600000000000364,-32.868578384792364,-1.0,STOP
TCS,2026-08-27 12:40:00+05:30,2259.3,2255.0,2267.9000000000005,4,4.300000000000182,0.19032443677245967,17.200000000000728,-17.200000000000728,-35.82243373069673,-1.0,STOP
ITC,2026-08-11 12:15:00+05:30,281.7,281.15,282.8,35,0.5500000000000114,0.19524316648917692,19.250000000000398,-19.2500000000004,-39.5663460942054,-1.0000000000000002,STOP
RELIANCE,2026-08-10 11:05:00+05:30,1330.5,1327.9,1335.6999999999998,7,2.599999999999909,0.19541525742201496,18.199999999999363,-18.199999999999363,-37.391247931183365,-1.0,STOP
ADANIENT,2026-08-12 13:05:00+05:30,2962.2,2956.4,2973.7999999999997,3,5.799999999999727,0.1958004186077823,17.39999999999918,-17.39999999999918,-35.711545606643185,-1.0,STOP
HDFCBANK,2026-08-06 12:20:00+05:30,736.9,735.45,739.7999999999998,13,1.4499999999999318,0.19677025376576626,18.849999999999113,-18.849999999999117,-38.58962719914811,-1.0000000000000002,STOP
ICICIBANK,2026-08-11 14:10:00+05:30,1421.8,1419.0,1427.4,7,2.7999999999999545,0.19693346462230657,19.59999999999968,29.40000000000032,8.83607642957232,1.5000000000000406,SESSION_CLOSE
LT,2026-08-18 11:45:00+05:30,4072.4,4064.3,4088.6,2,8.099999999999909,0.19889991160003703,16.199999999999818,-16.199999999999818,-32.982719603011816,-1.0,STOP
ICICIBANK,2026-08-27 11:35:00+05:30,1443.9,1441.0,1449.7000000000005,6,2.900000000000091,0.20084493385969185,17.400000000000546,-17.400000000000546,-35.25112544149255,-1.0,STOP
SBIN,2026-08-07 11:15:00+05:30,1090.5,1088.3,1094.9,9,2.2000000000000455,0.2017423200366846,19.80000000000041,-19.80000000000041,-40.02289167405641,-1.0,STOP
BAJFINANCE,2026-08-10 12:20:00+05:30,1088.3,1086.1,1092.7,9,2.2000000000000455,0.20215014242396817,19.80000000000041,39.60000000000082,19.350152463780816,2.0,TARGET
WIPRO,2026-08-27 12:40:00+05:30,177.67,177.31,178.38999999999996,56,0.3599999999999852,0.20262284009680037,20.159999999999172,-20.15999999999917,-40.66100196235757,-0.9999999999999998,STOP
LT,2026-08-17 11:55:00+05:30,4053.3,4045.0,4069.900000000001,2,8.300000000000182,0.20477142081760988,16.600000000000364,33.20000000000073,16.43969439084873,2.0,TARGET
KOTAKBANK,2026-08-19 11:50:00+05:30,389.9,389.1,391.4999999999999,25,0.7999999999999545,0.20518081559373036,19.999999999998863,39.999999999997726,19.84706073869773,2.0,TARGET
AXISBANK,2026-08-04 10:00:00+05:30,1256.0,1253.4,1261.1999999999998,7,2.599999999999909,0.20700636942674436,18.199999999999363,-18.199999999999363,-36.31549024244337,-1.0,STOP
M&M,2026-08-12 13:25:00+05:30,3422.6,3415.5,3436.8,2,7.099999999999909,0.20744463273534475,14.199999999999818,-14.199999999999818,-28.304168875115817,-1.0,STOP
BHARTIARTL,2026-08-07 13:25:00+05:30,1958.1,1954.0,1966.3,5,4.099999999999909,0.20938665032428933,20.499999999999545,-20.499999999999545,-40.67258514438954,-1.0,STOP
HINDUNILVR,2026-08-06 11:20:00+05:30,2091.0,2086.6,2099.8,4,4.400000000000091,0.21042563366810574,17.600000000000364,-17.600000000000364,-34.833290540672365,-1.0,STOP
SUNPHARMA,2026-08-28 12:25:00+05:30,1916.3,1912.2,1924.5,5,4.099999999999909,0.21395397380367948,20.499999999999545,40.99999999999909,21.18834651527909,2.0,TARGET
LT,2026-08-07 13:25:00+05:30,4049.0,4040.3,4066.4,2,8.699999999999818,0.21486786860952872,17.399999999999636,-17.399999999999636,-34.08481020234763,-1.0,STOP
HINDUNILVR,2026-08-31 12:05:00+05:30,1994.7,1990.4,2003.3,5,4.2999999999999545,0.21557126384919809,21.499999999999773,42.999999999999545,22.377440471799545,2.0,TARGET
KOTAKBANK,2026-08-03 14:25:00+05:30,393.75,392.9,395.4500000000001,25,0.8500000000000227,0.21587301587302166,21.25000000000057,-21.25000000000057,-41.53157395367557,-1.0,STOP
ITC,2026-08-14 14:05:00+05:30,277.6,277.0,278.80000000000007,36,0.6000000000000227,0.21613832853026754,21.60000000000082,0.0,-20.614941588096,0.0,SESSION_CLOSE
HCLTECH,2026-08-11 11:45:00+05:30,1370.7,1367.7,1376.7,7,3.0,0.2188662727073758,21.0,-21.0,-40.768527951984,-1.0,STOP
M&M,2026-08-18 11:35:00+05:30,3425.0,3417.5,3440.0,2,7.5,0.21897810218978103,15.0,-15.0,-29.1131572583,-1.0,STOP
LT,2026-08-03 11:50:00+05:30,3985.0,3976.2,4002.6,2,8.800000000000182,0.22082810539523667,17.600000000000364,35.20000000000073,18.719192018064728,2.0,TARGET
SUNPHARMA,2026-08-19 12:05:00+05:30,1895.7,1891.5,1904.1,5,4.2000000000000455,0.22155404336129375,21.000000000000227,-21.000000000000227,-40.52841636048023,-1.0,STOP
SBIN,2026-08-13 10:45:00+05:30,1083.0,1080.6,1087.8000000000002,9,2.400000000000091,0.22160664819945436,21.60000000000082,-21.60000000000082,-41.68159717183282,-1.0,STOP
ADANIENT,2026-08-20 11:35:00+05:30,3008.9,3002.2,3022.3000000000006,3,6.700000000000273,0.2226727375452914,20.10000000000082,-20.10000000000082,-38.697464099094816,-1.0,STOP
SUNPHARMA,2026-08-27 12:25:00+05:30,1913.4,1909.1,1922.0000000000005,5,4.300000000000182,0.22473084561514486,21.50000000000091,-21.50000000000091,-41.21040472775091,-1.0,STOP
TCS,2026-08-03 12:35:00+05:30,2436.2,2430.7,2447.2,4,5.5,0.22576143173795257,22.0,44.0,23.848064708752,2.0,TARGET
ICICIBANK,2026-08-17 11:55:00+05:30,1415.9,1412.7,1422.3000000000002,7,3.2000000000000455,0.22600466134614347,22.40000000000032,44.80000000000064,24.303692992068637,2.0,TARGET
TITAN,2026-08-31 12:55:00+05:30,5129.8,5118.2,5153.000000000001,1,11.600000000000364,0.22612967367149522,11.600000000000364,-11.600000000000364,-22.16858478064036,-1.0,STOP
BAJFINANCE,2026-08-20 11:00:00+05:30,1100.8,1098.3,1105.8,9,2.5,0.2271075581395349,22.5,-22.5,-42.911032765842,-1.0,STOP
HCLTECH,2026-08-13 11:50:00+05:30,1363.2,1360.1,1369.4000000000003,7,3.1000000000001364,0.227406103286395,21.700000000000955,43.40000000000191,23.666263179525902,2.0,TARGET
TCS,2026-08-25 14:25:00+05:30,2282.4,2277.2,2292.8000000000006,4,5.200000000000273,0.22783035401333124,20.80000000000109,22.39999999999964,3.5417624981116376,1.0769230769230032,SESSION_CLOSE
TITAN,2026-08-18 12:15:00+05:30,5064.0,5052.4,5087.200000000001,1,11.600000000000364,0.22906793048973864,11.600000000000364,-11.600000000000364,-22.03285159575236,-1.0,STOP
SBIN,2026-08-31 11:55:00+05:30,1041.9,1039.5,1046.7000000000005,9,2.400000000000091,0.23034840195797013,21.60000000000082,-21.60000000000082,-40.918562140068815,-1.0,STOP
TCS,2026-08-19 14:15:00+05:30,2288.2,2282.9,2298.7999999999997,4,5.299999999999727,0.2316231098680066,21.19999999999891,-21.19999999999891,-40.05632944199091,-1.0,STOP
ADANIENT,2026-08-13 13:55:00+05:30,2964.9,2958.0,2978.7000000000003,3,6.900000000000091,0.23272285743195692,20.700000000000273,-20.700000000000276,-39.02448775926627,-1.0000000000000002,STOP
SUNPHARMA,2026-08-10 14:10:00+05:30,1953.5,1948.9,1962.7,5,4.599999999999909,0.23547478884053796,22.999999999999545,-22.999999999999545,-43.12228689615954,-1.0,STOP
WIPRO,2026-08-20 14:20:00+05:30,181.35,180.92,182.21,55,0.4300000000000068,0.23711055969120862,23.650000000000375,-23.65000000000037,-44.19803185042338,-0.9999999999999999,STOP
SBIN,2026-08-05 12:25:00+05:30,1053.5,1051.0,1058.5,9,2.5,0.23730422401518747,22.5,-22.5,-42.03289269279,-1.0,STOP
AXISBANK,2026-08-31 13:30:00+05:30,1263.2,1260.2,1269.2,7,3.0,0.23749208359721344,21.0,-21.0,-39.216260146084,-1.0,STOP
RELIANCE,2026-08-18 09:30:00+05:30,1322.4,1319.2,1328.8000000000002,7,3.2000000000000455,0.24198427102238695,22.40000000000032,-22.40000000000032,-41.46949244681632,-1.0,STOP
SBIN,2026-08-11 13:35:00+05:30,1069.2,1066.6,1074.4000000000003,9,2.6000000000001364,0.24317246539470033,23.400000000001228,-23.400000000001228,-43.22334109539723,-1.0,STOP
M&M,2026-08-18 09:30:00+05:30,3420.5,3412.0,3437.5,2,8.5,0.24850168104078352,17.0,-17.0,-31.0923091147,-1.0,STOP
TCS,2026-08-28 11:50:00+05:30,2332.5,2326.7,2344.1000000000004,4,5.800000000000182,0.24866023579850727,23.200000000000728,46.400000000001455,27.100980728049457,2.0,TARGET
HCLTECH,2026-08-14 12:15:00+05:30,1362.4,1359.0,1369.2000000000005,7,3.400000000000091,0.24955960070464556,23.800000000000637,-11.200000000000957,-30.859864228032954,-0.4705882352941453,SESSION_CLOSE
AXISBANK,2026-08-18 11:40:00+05:30,1239.5,1236.4,1245.6999999999998,8,3.099999999999909,0.25010084711576513,24.799999999999272,-24.799999999999272,-45.22656029569527,-1.0,STOP
BAJFINANCE,2026-08-18 10:30:00+05:30,1096.2,1093.4,1101.8,9,2.7999999999999545,0.25542784163473403,25.19999999999959,-25.19999999999959,-45.52255045195159,-1.0,STOP
SBIN,2026-08-25 10:55:00+05:30,1042.0,1039.3,1047.4,9,2.7000000000000455,0.2591170825335936,24.30000000000041,-24.30000000000041,-43.617336873606405,-1.0,STOP
INFY,2026-08-11 11:35:00+05:30,1189.2,1186.1,1195.4000000000003,8,3.1000000000001364,0.2606794483686627,24.80000000000109,-24.80000000000109,-44.39648379723309,-1.0,STOP
M&M,2026-08-20 14:25:00+05:30,3448.0,3439.0,3466.0,2,9.0,0.2610208816705336,18.0,-18.0,-32.20462249732,-1.0,STOP
INFY,2026-08-31 13:00:00+05:30,1123.4,1120.4,1129.4,8,3.0,0.26704646608509874,24.0,48.0,29.406287239168,2.0,TARGET
SUNPHARMA,2026-08-03 12:00:00+05:30,1969.0,1963.7,1979.6,5,5.2999999999999545,0.26917216861350707,26.499999999999773,-26.499999999999773,-46.77816008392977,-1.0,STOP
ICICIBANK,2026-08-27 12:55:00+05:30,1446.6,1442.7,1454.3999999999996,6,3.8999999999998636,0.2695976773123091,23.39999999999918,3.6000000000008185,-14.30851258490318,0.1538461538461942,SESSION_CLOSE
AXISBANK,2026-08-28 10:25:00+05:30,1261.1,1257.7,1267.8999999999996,7,3.3999999999998636,0.26960589961143955,23.799999999999045,0.700000000000955,-17.510705310797043,0.029411764705923656,SESSION_CLOSE
TCS,2026-08-25 11:25:00+05:30,2282.4,2276.2,2294.8000000000006,4,6.200000000000273,0.2716438836312773,24.80000000000109,-24.80000000000109,-43.60436308299309,-1.0,STOP
HDFCBANK,2026-08-27 13:15:00+05:30,717.15,715.2,721.0499999999998,13,1.9499999999999318,0.2719096423342302,25.349999999999113,-25.349999999999117,-44.55258046554812,-1.0000000000000002,STOP
HDFCBANK,2026-08-14 09:50:00+05:30,729.1,727.1,733.1,13,2.0,0.274310794129749,26.0,-26.0,-45.522296761708,-1.0,STOP
LT,2026-08-14 13:40:00+05:30,4058.2,4047.0,4080.6,2,11.199999999999818,0.2759844265930663,22.399999999999636,-2.399999999999636,-19.13988709427164,-0.10714285714284265,SESSION_CLOSE
ITC,2026-08-24 14:00:00+05:30,268.5,267.75,270.0,37,0.75,0.27932960893854747,27.75,-27.75,-48.211355210175,-1.0,STOP
KOTAKBANK,2026-08-13 12:00:00+05:30,391.6,390.5,393.80000000000007,25,1.1000000000000227,0.2808988764045002,27.50000000000057,-27.50000000000057,-47.66356388695057,-1.0,STOP
TCS,2026-08-13 13:15:00+05:30,2364.7,2358.0,2378.0999999999995,4,6.699999999999818,0.2833340381443658,26.799999999999272,-26.799999999999272,-46.28115875594328,-1.0,STOP
TCS,2026-08-31 11:55:00+05:30,2325.0,2318.3,2338.4,4,6.699999999999818,0.2881720430107449,26.799999999999272,-8.0,-27.17504229056,-0.29850746268657524,SESSION_CLOSE
BHARTIARTL,2026-08-31 10:45:00+05:30,1890.9,1885.4,1901.9,5,5.5,0.29086678301337987,27.5,-27.5,-46.97148966917,-1.0,STOP
INFY,2026-08-13 11:50:00+05:30,1168.3,1164.9,1175.0999999999997,8,3.3999999999998636,0.2910211418299977,27.19999999999891,-27.19999999999891,-46.44884185900691,-1.0,STOP
WIPRO,2026-08-28 12:25:00+05:30,180.7,180.17,181.76,55,0.5300000000000011,0.29330381848367526,29.150000000000063,58.300000000000125,37.73217544454613,2.0,TARGET
TITAN,2026-08-17 12:20:00+05:30,5103.4,5088.2,5133.799999999999,1,15.199999999999818,0.297840655249438,15.199999999999818,-15.199999999999818,-25.710017415687812,-1.0,STOP
SBIN,2026-08-25 10:00:00+05:30,1037.3,1034.2,1043.4999999999998,9,3.099999999999909,0.2988527908994417,27.89999999999918,-27.89999999999918,-47.12597076032918,-1.0,STOP
AXISBANK,2026-08-17 12:35:00+05:30,1221.7,1217.9,1229.3,8,3.7999999999999545,0.31104199066873656,30.399999999999636,60.79999999999927,40.56948001455928,2.0,TARGET
ADANIENT,2026-08-18 12:30:00+05:30,3034.4,3024.9,3053.4,3,9.5,0.31307672027418926,28.5,-28.5,-47.245681577322,-1.0,STOP
AXISBANK,2026-08-19 14:30:00+05:30,1235.8,1231.9,1243.5999999999997,8,3.8999999999998636,0.31558504612395727,31.19999999999891,0.8000000000010914,-19.594721014446908,0.025641025641061518,SESSION_CLOSE
KOTAKBANK,2026-08-27 13:00:00+05:30,425.95,424.6,428.6499999999999,23,1.349999999999966,0.316938607817811,31.049999999999216,-31.049999999999216,-51.22364216982621,-1.0,STOP
KOTAKBANK,2026-08-12 12:35:00+05:30,390.9,389.65,393.4,25,1.25,0.3197748784855462,31.25,62.5,42.26980871815,2.0,TARGET
KOTAKBANK,2026-08-10 11:30:00+05:30,389.95,388.7,392.45,25,1.25,0.32055391716886783,31.25,62.5,42.3188005592,2.0,TARGET
LT,2026-08-05 10:10:00+05:30,4072.7,4059.3,4099.499999999999,2,13.399999999999636,0.3290200604021813,26.799999999999272,-26.799999999999272,-43.57185837551927,-1.0,STOP
SBIN,2026-08-06 13:10:00+05:30,1062.8,1059.3,1069.8,9,3.5,0.32931878057960107,31.5,63.0,43.196859431388006,2.0,TARGET
WIPRO,2026-08-24 12:45:00+05:30,182.52,181.9,183.76,54,0.6200000000000045,0.33968880122726525,33.480000000000246,66.96000000000049,46.55230801791889,2.0,TARGET
ADANIENT,2026-08-27 12:05:00+05:30,3154.0,3143.2,3175.6000000000004,3,10.800000000000182,0.3424223208624027,32.400000000000546,15.900000000000546,-3.6364978484814543,0.4907407407407493,SESSION_CLOSE
TITAN,2026-08-03 11:50:00+05:30,4901.8,4885.0,4935.400000000001,2,16.800000000000182,0.3427312415847277,33.600000000000364,-33.600000000000364,-53.784655578448366,-1.0,STOP
INFY,2026-08-24 11:20:00+05:30,1137.5,1133.5,1145.5,8,4.0,0.3516483516483516,32.0,-32.0,-50.73508564624,-1.0,STOP
TITAN,2026-08-05 11:40:00+05:30,4917.5,4899.9,4952.700000000001,2,17.600000000000364,0.357905439755981,35.20000000000073,-23.0,-43.26152686546,-0.6534090909090774,SESSION_CLOSE
ADANIENT,2026-08-03 11:50:00+05:30,3066.7,3055.7,3088.7,3,11.0,0.35869175335050707,33.0,-33.0,-51.940431956496,-1.0,STOP
TCS,2026-08-11 11:45:00+05:30,2441.9,2433.1,2459.5000000000005,4,8.800000000000182,0.36037511773619646,35.20000000000073,0.7999999999992724,-19.34965866848073,0.02272727272725159,SESSION_CLOSE
M&M,2026-08-07 11:05:00+05:30,3456.0,3443.5,3481.0,2,12.5,0.3616898148148148,25.0,50.0,35.68475678468,2.0,TARGET
WIPRO,2026-08-14 11:50:00+05:30,184.33,183.66,185.67000000000004,54,0.6700000000000159,0.3634785439158118,36.18000000000086,-17.820000000000675,-38.33254295690828,-0.4925373134328428,SESSION_CLOSE
ADANIENT,2026-08-14 13:50:00+05:30,3026.0,3015.0,3048.0,3,11.0,0.3635161929940516,33.0,66.0,47.19843836604,2.0,TARGET
WIPRO,2026-08-13 11:55:00+05:30,183.08,182.4,184.44000000000003,54,0.6800000000000068,0.3714223290364905,36.72000000000037,16.739999999998588,-3.672750019749813,0.45588235294113344,SESSION_CLOSE
HINDUNILVR,2026-08-05 11:05:00+05:30,2090.8,2083.0,2106.4000000000005,4,7.800000000000182,0.3730629424143955,31.200000000000728,-31.200000000000728,-48.41611715153672,-1.0,STOP
WIPRO,2026-08-21 09:55:00+05:30,181.55,180.86,182.93,55,0.6899999999999977,0.38006058936931847,37.949999999999875,-37.94999999999988,-58.50440068570887,-1.0000000000000002,STOP
HCLTECH,2026-08-10 09:55:00+05:30,1361.2,1356.0,1371.6,7,5.2000000000000455,0.38201586835145795,36.40000000000032,-36.40000000000032,-56.01377312647232,-1.0,STOP
TCS,2026-08-14 12:50:00+05:30,2365.0,2355.9,2383.2,4,9.099999999999909,0.3847780126849856,36.399999999999636,-36.39999999999964,-55.87267662424763,-1.0000000000000002,STOP
INFY,2026-08-14 12:10:00+05:30,1168.4,1163.8,1177.6000000000004,8,4.600000000000136,0.3937007874015864,36.80000000000109,6.399999999999636,-12.888843391744366,0.17391304347824582,SESSION_CLOSE
ADANIENT,2026-08-11 10:20:00+05:30,3031.5,3019.3,3055.9,3,12.199999999999818,0.40244103579085666,36.599999999999454,-36.599999999999454,-55.31848969423145,-1.0,STOP
LT,2026-08-24 09:40:00+05:30,4102.0,4085.1,4135.8,2,16.90000000000009,0.4119941491955166,33.80000000000018,-33.80000000000018,-50.68474944675618,-1.0,STOP
HCLTECH,2026-08-05 11:00:00+05:30,1362.4,1356.7,1373.8000000000002,7,5.7000000000000455,0.4183793305930743,39.90000000000032,-39.90000000000032,-59.52710584196632,-1.0,STOP
ICICIBANK,2026-08-04 09:45:00+05:30,1452.3,1446.2,1464.4999999999998,6,6.099999999999909,0.42002341114094255,36.599999999999454,-36.599999999999454,-54.53317626737945,-1.0,STOP
TITAN,2026-08-10 13:50:00+05:30,5098.5,5077.0,5141.5,1,21.5,0.4216926547023634,21.5,-21.5,-31.99271876009,-1.0,STOP
AXISBANK,2026-08-21 09:30:00+05:30,1252.5,1247.2,1263.1,7,5.2999999999999545,0.4231536926147668,37.09999999999968,-37.09999999999968,-55.14337869492168,-1.0,STOP
TITAN,2026-08-27 10:25:00+05:30,5120.0,5098.2,5163.6,1,21.800000000000182,0.4257812500000036,21.800000000000182,43.60000000000037,32.988625123752364,2.0000000000000004,TARGET
SUNPHARMA,2026-08-04 10:55:00+05:30,1960.6,1951.9,1977.9999999999995,5,8.699999999999818,0.4437417117208925,43.49999999999909,-43.49999999999909,-63.67211795874909,-1.0,STOP
ADANIENT,2026-08-25 10:40:00+05:30,3000.7,2987.3,3027.499999999999,3,13.399999999999636,0.4465624687572779,40.19999999999891,80.39999999999782,61.73856971256983,2.0,TARGET
SBIN,2026-08-12 12:45:00+05:30,1083.0,1078.1,1092.8000000000002,9,4.900000000000091,0.45244690674054394,44.10000000000082,-44.10000000000082,-64.15591551028282,-1.0,STOP
TITAN,2026-08-12 14:05:00+05:30,5040.4,5016.5,5088.199999999999,1,23.899999999999636,0.4741687167685032,23.899999999999636,47.79999999999927,37.34803123665127,2.0,TARGET
AXISBANK,2026-08-17 09:45:00+05:30,1222.5,1216.1,1235.3000000000002,8,6.400000000000091,0.5235173824130954,51.20000000000073,-51.20000000000073,-71.31588439318473,-1.0,STOP
LT,2026-08-04 09:35:00+05:30,4018.3,3996.2,4062.500000000001,2,22.100000000000364,0.5499838240051853,44.20000000000073,-44.20000000000073,-60.72756368822073,-1.0,STOP
LT,2026-08-13 11:30:00+05:30,4023.0,3992.9,4083.2,2,30.09999999999991,0.7481978622918197,60.19999999999982,56.39999999999964,39.73822029448764,0.936877076411957,SESSION_CLOSE
