symbol,signal_time,entry_time,entry,stop,target,quantity,exit_time,exit,gross_pnl,total_cost,net_pnl,brokerage,stt,exchange_transaction_charges,sebi_charges,stamp_duty,gst,ipft,slippage,reason
RELIANCE,381,2026-08-10 11:05:00+05:30,1330.5,1327.9,1335.6999999999998,7,2026-08-10 11:10:00+05:30,1327.9,-18.199999999999363,19.191247931184,-37.391247931183365,5.58264,2.3238250000000003,0.5712901600000001,0.0186088,0.279405,1.1110603623839999,1.8608800000000004e-05,9.304400000000001,STOP
RELIANCE,478,2026-08-11 13:10:00+05:30,1324.2,1322.5,1327.6000000000001,7,2026-08-11 13:25:00+05:30,1327.6000000000001,23.800000000000637,19.148216919468,4.651783080532638,5.56878,2.3233,0.5698718199999999,0.0185626,0.278082,1.108301936868,1.85626e-05,9.2813,TARGET
RELIANCE,622,2026-08-13 13:10:00+05:30,1315.9,1315.0,1317.7000000000003,7,2026-08-13 13:10:00+05:30,1315.0,-6.300000000000637,18.994011049034,-25.294011049034637,5.52489,2.30125,0.56538041,0.018416300000000004,0.27633900000000006,1.099566922734,1.8416300000000005e-05,9.208150000000002,STOP
RELIANCE,693,2026-08-14 13:05:00+05:30,1306.0,1305.3,1307.4,7,2026-08-14 13:10:00+05:30,1307.4,9.800000000000637,18.869434669484,-9.069434669483364,5.48814,2.2879500000000004,0.5616196600000001,0.018293800000000002,0.27426,1.092252915684,1.8293800000000004e-05,9.146900000000002,TARGET
RELIANCE,695,2026-08-14 13:15:00+05:30,1307.2,1305.9,1309.8,7,2026-08-14 13:45:00+05:30,1309.8,18.199999999999363,18.896350130419997,-0.6963501304206332,5.495699999999999,2.2921500000000004,0.5623933,0.018319,0.274512,1.0937575114199998,1.8319000000000002e-05,9.1595,TARGET
RELIANCE,758,2026-08-17 12:30:00+05:30,1303.0,1302.9,1303.1999999999998,7,2026-08-17 12:30:00+05:30,1302.9,-0.6999999999993634,18.814130792534,-19.514130792533365,5.47239,2.2800750000000005,0.56000791,0.018241300000000002,0.27363,1.089118341234,1.8241300000000004e-05,9.120650000000001,STOP_TARGET_AMBIGUITY_STOP
RELIANCE,759,2026-08-17 12:35:00+05:30,1304.2,1301.9,1308.8,7,2026-08-17 12:45:00+05:30,1308.8,32.19999999999936,18.86901072938,13.330989270619362,5.487299999999999,2.2904,0.5615337,0.018290999999999998,0.273882,1.0920857383799998,1.8291e-05,9.1455,TARGET
RELIANCE,794,2026-08-18 09:30:00+05:30,1322.4,1319.2,1328.8000000000002,7,2026-08-18 15:05:00+05:30,1319.2,-22.40000000000032,19.069492446816,-41.46949244681632,5.547359999999999,2.3085999999999998,0.56767984,0.0184912,0.27770400000000006,1.1040389156159998,1.8491200000000003e-05,9.2456,STOP
RELIANCE,977,2026-08-20 12:45:00+05:30,1313.4,1311.0,1318.2000000000003,7,2026-08-20 15:10:00+05:30,1311.0,-16.800000000000637,18.945927022344,-35.74592702234464,5.51124,2.29425,0.56398356,0.018370800000000003,0.27581400000000006,1.096850291544,1.8370800000000004e-05,9.185400000000001,STOP
RELIANCE,1028,2026-08-21 11:00:00+05:30,1313.4,1311.3,1317.6000000000004,7,2026-08-21 12:15:00+05:30,1311.3,-14.700000000000955,18.948323977422,-33.648323977422955,5.51187,2.294775,0.56404803,0.0183729,0.27581400000000006,1.096975674522,1.83729e-05,9.18645,STOP
RELIANCE,1184,2026-08-25 12:00:00+05:30,1304.3,1302.4,1308.0999999999997,7,2026-08-25 13:00:00+05:30,1302.4,-13.299999999999045,18.818520672742,-32.11852067274104,5.47407,2.2792000000000003,0.56017983,0.0182469,0.273903,1.089452695842,1.8246900000000003e-05,9.12345,STOP
RELIANCE,1393,2026-08-31 11:25:00+05:30,1280.0,1278.2,1283.6,7,2026-08-31 11:40:00+05:30,1283.6,25.199999999999363,18.511580126535996,6.688419873463367,5.383559999999999,2.2462999999999997,0.5509176399999999,0.017945199999999998,0.2688,1.0714393413359997,1.79452e-05,8.972599999999998,TARGET
HDFCBANK,252,2026-08-06 12:20:00+05:30,736.9,735.45,739.7999999999998,13,2026-08-06 13:20:00+05:30,735.45,-18.849999999999113,19.739627199148998,-38.58962719914811,5.742165,2.3902125,0.587614885,0.01914055,0.28739099999999995,1.1428091235989999,1.914055e-05,9.570275,STOP
HDFCBANK,473,2026-08-11 12:45:00+05:30,729.2,728.3,731.0000000000002,13,2026-08-11 15:10:00+05:30,729.0,-2.600000000000591,19.551687348388,-22.15168734838859,5.68698,2.36925,0.58196762,0.018956599999999997,0.28438800000000003,1.131826171788,1.89566e-05,9.4783,SESSION_CLOSE
HDFCBANK,616,2026-08-13 12:40:00+05:30,728.5,728.05,729.4000000000001,13,2026-08-13 12:40:00+05:30,728.05,-5.850000000000591,19.529206164377,-25.379206164377592,5.6805449999999995,2.3661625,0.5813091050000001,0.01893515,0.284115,1.1305454742269998,1.893515e-05,9.467575,STOP
HDFCBANK,632,2026-08-13 14:00:00+05:30,727.95,727.15,729.5500000000002,13,2026-08-13 14:00:00+05:30,727.15,-10.400000000000887,19.509263639034,-29.909263639034886,5.6748899999999995,2.3632375,0.58073041,0.018916299999999997,0.2839005,1.129420012734,1.89163e-05,9.45815,STOP
HDFCBANK,654,2026-08-14 09:50:00+05:30,729.1,727.1,733.1,13,2026-08-14 10:15:00+05:30,727.1,-26.0,19.522296761708,-45.522296761708,5.679180000000001,2.3630750000000003,0.58116942,0.018930600000000002,0.284349,1.130273811108,1.8930600000000005e-05,9.465300000000001,STOP
HDFCBANK,705,2026-08-14 14:05:00+05:30,727.75,727.6,728.05,13,2026-08-14 14:05:00+05:30,727.6,-1.9499999999997044,19.513545212369003,-21.463545212368707,5.675865,2.3647000000000005,0.580830185,0.018919550000000004,0.28382250000000003,1.129614057819,1.8919550000000004e-05,9.459775000000002,STOP_TARGET_AMBIGUITY_STOP
HDFCBANK,762,2026-08-17 12:50:00+05:30,726.75,725.4,729.45,13,2026-08-17 15:00:00+05:30,729.45,35.10000000000059,19.529017761707998,15.570982238292594,5.67918,2.3707125000000002,0.5811694199999999,0.0189306,0.28343250000000003,1.130273811108,1.89306e-05,9.4653,TARGET
HDFCBANK,920,2026-08-19 14:00:00+05:30,720.35,719.15,722.7500000000001,13,2026-08-19 15:10:00+05:30,720.65,3.899999999999409,19.32177970294,-15.42177970294059,5.6198999999999995,2.3421125,0.5751031,0.018733,0.28093650000000003,1.11847586994,1.8733000000000002e-05,9.3665,SESSION_CLOSE
HDFCBANK,1271,2026-08-27 13:15:00+05:30,717.15,715.2,721.0499999999998,13,2026-08-27 13:25:00+05:30,715.2,-25.349999999999113,19.202580465549,-44.55258046554812,5.586164999999999,2.3244000000000002,0.5716508849999999,0.01862055,0.27968849999999995,1.1117619099989997,1.862055e-05,9.310275,STOP
HDFCBANK,1336,2026-08-28 12:40:00+05:30,715.8,715.5,716.3999999999999,13,2026-08-28 12:45:00+05:30,715.5,-3.899999999999409,19.190861257541997,-23.090861257541405,5.58207,2.325375,0.5712318300000001,0.0186069,0.279162,1.110946920642,1.8606900000000003e-05,9.30345,STOP
HDFCBANK,1338,2026-08-28 12:50:00+05:30,716.25,715.3,718.1500000000001,13,2026-08-28 12:55:00+05:30,715.3,-12.350000000000591,19.193283830877,-31.54328383087759,5.583044999999999,2.324725,0.571331605,0.01861015,0.2793375,1.1111409657269997,1.8610150000000003e-05,9.305075,STOP
ICICIBANK,20,2026-08-03 11:00:00+05:30,1446.2,1445.4,1447.8,6,2026-08-03 11:00:00+05:30,1447.8,9.599999999999454,17.91041027352,-8.310410273520546,5.209199999999999,2.1717,0.5330748,0.017363999999999997,0.26031600000000005,1.0367381095199997,1.7364000000000002e-05,8.682,TARGET
ICICIBANK,77,2026-08-04 09:45:00+05:30,1452.3,1446.2,1464.4999999999998,6,2026-08-04 10:15:00+05:30,1446.2,-36.599999999999454,17.93317626738,-54.53317626737945,5.2173,2.1693000000000002,0.5339037,0.017391,0.261414,1.0383501763799998,1.7391e-05,8.6955,STOP
ICICIBANK,490,2026-08-11 14:10:00+05:30,1421.8,1419.0,1427.3999999999999,7,2026-08-11 15:10:00+05:30,1426.0,29.40000000000032,20.563923570428,8.83607642957232,5.980379999999999,2.4955000000000003,0.61199222,0.019934599999999997,0.298578,1.1902188158279998,1.99346e-05,9.9673,SESSION_CLOSE
ICICIBANK,751,2026-08-17 11:55:00+05:30,1415.9,1412.7,1422.3000000000002,7,2026-08-17 15:00:00+05:30,1422.3000000000002,44.80000000000064,20.496307007932003,24.303692992068633,5.9602200000000005,2.4890250000000007,0.6099291800000001,0.0198674,0.297339,1.186206560532,1.9867400000000002e-05,9.9337,TARGET
ICICIBANK,1030,2026-08-21 11:10:00+05:30,1418.2,1417.5,1419.6000000000001,7,2026-08-21 11:15:00+05:30,1417.5,-4.900000000000318,20.472790382282,-25.372790382282318,5.954969999999999,2.480625,0.60939193,0.0198499,0.297822,1.1851617023819998,1.98499e-05,9.92495,STOP
ICICIBANK,1054,2026-08-21 13:10:00+05:30,1418.7,1416.5,1423.1000000000001,7,2026-08-21 15:10:00+05:30,1418.0,-4.900000000000318,20.480010232542,-25.38001023254232,5.95707,2.4815,0.60960683,0.0198569,0.297927,1.1855796456419998,1.9856900000000003e-05,9.92845,SESSION_CLOSE
ICICIBANK,1251,2026-08-27 11:35:00+05:30,1443.9,1441.0,1449.7000000000003,6,2026-08-27 12:30:00+05:30,1441.0,-17.400000000000546,17.851125441492,-35.25112544149255,5.19282,2.1615,0.5313985800000001,0.0173094,0.2599020000000001,1.0334781520920002,1.7309400000000004e-05,8.6547,STOP
ICICIBANK,1267,2026-08-27 12:55:00+05:30,1446.6,1442.7,1454.3999999999996,6,2026-08-27 15:10:00+05:30,1447.2,3.6000000000008185,17.908512584904,-14.30851258490318,5.2088399999999995,2.1708000000000003,0.53303796,0.017362799999999998,0.26038799999999995,1.0366664621039998,1.73628e-05,8.6814,SESSION_CLOSE
ICICIBANK,1391,2026-08-31 11:15:00+05:30,1424.2,1421.8,1429.0000000000002,7,2026-08-31 11:50:00+05:30,1429.0000000000002,33.60000000000127,20.603372761832002,12.996627238169271,5.99172,2.5007500000000005,0.6131526800000001,0.0199724,0.299082,1.192475709432,1.9972400000000002e-05,9.9862,TARGET
SBIN,157,2026-08-05 10:25:00+05:30,1050.5,1050.0,1051.5,9,2026-08-05 10:25:00+05:30,1050.0,-4.5,19.49774203431,-23.99774203431,5.67135,2.3625000000000003,0.58036815,0.018904499999999998,0.283635,1.1287154798099999,1.8904500000000002e-05,9.45225,STOP
SBIN,181,2026-08-05 12:25:00+05:30,1053.5,1051.0,1058.5,9,2026-08-05 13:35:00+05:30,1051.0,-22.5,19.53289269279,-42.03289269279,5.68215,2.36475,0.58147335,0.0189405,0.284445,1.13086490229,1.8940500000000003e-05,9.47025,STOP
SBIN,262,2026-08-06 13:10:00+05:30,1062.8,1059.3,1069.8,9,2026-08-06 13:10:00+05:30,1069.8,63.0,19.803140568611997,43.196859431388006,5.758019999999998,2.40705,0.5892373799999999,0.019193399999999996,0.286956,1.1459645952119997,1.9193399999999998e-05,9.596699999999998,TARGET
SBIN,298,2026-08-07 10:10:00+05:30,1089.5,1087.7,1093.1,9,2026-08-07 10:10:00+05:30,1087.7,-16.19999999999959,20.208435410664002,-36.40843541066359,5.878439999999999,2.447325,0.6015603600000001,0.019594800000000002,0.294165,1.1699306558640001,1.9594800000000004e-05,9.797400000000001,STOP
SBIN,311,2026-08-07 11:15:00+05:30,1090.5,1088.3,1094.9,9,2026-08-07 11:35:00+05:30,1088.3,-19.80000000000041,20.222891674055997,-40.02289167405641,5.882759999999999,2.4486749999999997,0.6020024399999999,0.019609199999999997,0.294435,1.1707904248559997,1.96092e-05,9.804599999999999,STOP
SBIN,483,2026-08-11 13:35:00+05:30,1069.2,1066.6,1074.4000000000003,9,2026-08-11 13:35:00+05:30,1066.6,-23.400000000001228,19.823341095396,-43.22334109539723,5.76666,2.39985,0.59012154,0.0192222,0.28868400000000005,1.147684133196,1.92222e-05,9.6111,STOP
SBIN,517,2026-08-12 10:25:00+05:30,1081.0,1079.5,1084.0,9,2026-08-12 10:25:00+05:30,1079.5,-13.5,20.05371191151,-33.55371191151,5.833349999999999,2.428875,0.5969461500000001,0.0194445,0.29187,1.1609568170099998,1.94445e-05,9.72225,STOP
SBIN,545,2026-08-12 12:45:00+05:30,1083.0,1078.1,1092.8000000000002,9,2026-08-12 13:25:00+05:30,1078.1,-44.10000000000082,20.055915510282,-64.15591551028282,5.834969999999999,2.425725,0.5971119300000001,0.0194499,0.29241,1.1612792303819996,1.94499e-05,9.72495,STOP
SBIN,593,2026-08-13 10:45:00+05:30,1083.0,1080.6,1087.8000000000002,9,2026-08-13 11:45:00+05:30,1080.6,-21.60000000000082,20.081597171831998,-41.68159717183282,5.841719999999999,2.43135,0.59780268,0.0194724,0.29241,1.1626226194319997,1.9472400000000004e-05,9.7362,STOP
SBIN,986,2026-08-20 13:30:00+05:30,1049.9,1048.9,1051.9,9,2026-08-20 14:05:00+05:30,1048.9,-9.0,19.481466504456,-28.481466504456,5.66676,2.3600250000000003,0.57989844,0.0188892,0.28347300000000003,1.127801975256,1.8889200000000002e-05,9.4446,STOP
SBIN,1013,2026-08-21 09:45:00+05:30,1052.0,1050.5,1055.0,9,2026-08-21 10:05:00+05:30,1050.5,-13.5,19.515317363550004,-33.015317363550004,5.67675,2.363625,0.58092075,0.0189225,0.28404,1.12979019105,1.89225e-05,9.46125,STOP
SBIN,1160,2026-08-25 10:00:00+05:30,1037.3,1034.2,1043.4999999999998,9,2026-08-25 10:20:00+05:30,1034.2,-27.89999999999918,19.22597076033,-47.12597076032918,5.59305,2.3269500000000005,0.57235545,0.0186435,0.28007099999999996,1.1131321668299998,1.8643500000000002e-05,9.32175,STOP
SBIN,1171,2026-08-25 10:55:00+05:30,1042.0,1039.3,1047.4,9,2026-08-25 10:55:00+05:30,1039.3,-24.30000000000041,19.317336873605996,-43.617336873606405,5.619509999999999,2.338425,0.57506319,0.018731699999999997,0.28134000000000003,1.1183982519059998,1.87317e-05,9.365849999999998,STOP
SBIN,1399,2026-08-31 11:55:00+05:30,1041.9,1039.5,1046.7000000000003,9,2026-08-31 12:30:00+05:30,1039.5,-21.60000000000082,19.318562140068,-40.918562140068815,5.6197799999999996,2.3388750000000003,0.57509082,0.0187326,0.28131300000000004,1.118451987468,1.87326e-05,9.3663,STOP
AXISBANK,80,2026-08-04 10:00:00+05:30,1256.0,1253.4,1261.1999999999998,7,2026-08-04 10:55:00+05:30,1253.4,-18.199999999999363,18.115490242444004,-36.31549024244337,5.2697400000000005,2.1934500000000003,0.5392700600000001,0.017565800000000003,0.26376,1.048786816644,1.7565800000000004e-05,8.782900000000001,STOP
AXISBANK,411,2026-08-10 13:35:00+05:30,1246.7,1244.8,1250.5000000000002,8,2026-08-10 14:45:00+05:30,1244.8,-15.200000000000728,20.55633591176,-35.75633591176073,5.9796,2.4896,0.6119124,0.019932,0.29920800000000003,1.1900635797599997,1.9932e-05,9.966,STOP
AXISBANK,609,2026-08-13 12:05:00+05:30,1221.1,1219.9,1223.4999999999995,8,2026-08-13 12:25:00+05:30,1223.4999999999995,19.19999999999709,20.173135937823993,-0.9731359378269033,5.867039999999998,2.446999999999999,0.6003937599999999,0.019556799999999996,0.293064,1.1676618210239995,1.9556799999999995e-05,9.778399999999998,TARGET
AXISBANK,702,2026-08-14 13:50:00+05:30,1216.6,1215.9,1217.9999999999995,8,2026-08-14 13:55:00+05:30,1215.9,-5.599999999998545,20.0705677228,-25.670567722798545,5.837999999999999,2.4318000000000004,0.597422,0.019459999999999998,0.29198399999999997,1.1618822627999996,1.946e-05,9.73,STOP
AXISBANK,725,2026-08-17 09:45:00+05:30,1222.5,1216.1,1235.3000000000002,8,2026-08-17 10:20:00+05:30,1216.1,-51.20000000000073,20.115884393184,-71.31588439318473,5.852639999999999,2.4322,0.59892016,0.0195088,0.2934,1.1647959243839998,1.9508800000000002e-05,9.7544,STOP
AXISBANK,759,2026-08-17 12:35:00+05:30,1221.7,1217.9,1229.3,8,2026-08-17 13:30:00+05:30,1229.3,60.79999999999927,20.230519985439997,40.569480014559275,5.8824,2.4586,0.6019656,0.019608,0.293208,1.1707187774399999,1.9608000000000003e-05,9.804,TARGET
AXISBANK,820,2026-08-18 11:40:00+05:30,1239.5,1236.4,1245.6999999999998,8,2026-08-18 12:40:00+05:30,1236.4,-24.799999999999272,20.426560295696,-45.22656029569527,5.942159999999999,2.4728000000000003,0.6080810400000001,0.0198072,0.29748,1.1826122484959998,1.9807200000000002e-05,9.9036,STOP
AXISBANK,926,2026-08-19 14:30:00+05:30,1235.8,1231.9,1243.5999999999997,8,2026-08-19 15:10:00+05:30,1235.9,0.8000000000010914,20.394721014448,-19.594721014446908,5.932079999999999,2.4718000000000004,0.60704952,0.0197736,0.296592,1.1806061208479999,1.97736e-05,9.8868,SESSION_CLOSE
AXISBANK,1010,2026-08-21 09:30:00+05:30,1252.5,1247.2,1263.1,7,2026-08-21 11:20:00+05:30,1247.2,-37.09999999999968,18.043378694921998,-55.14337869492168,5.249369999999999,2.1826,0.53718553,0.0174979,0.263025,1.044732767022,1.7497900000000004e-05,8.74895,STOP
AXISBANK,1214,2026-08-25 14:30:00+05:30,1234.5,1232.6,1238.3000000000002,8,2026-08-25 15:05:00+05:30,1232.6,-15.200000000000728,20.355005230224002,-35.55500523022473,5.92104,2.4652,0.60591976,0.0197368,0.29628,1.1784089334239998,1.97368e-05,9.8684,STOP
AXISBANK,1259,2026-08-27 12:15:00+05:30,1259.0,1257.1,1262.8000000000002,7,2026-08-27 12:25:00+05:30,1257.1,-13.300000000000637,18.164402239186,-31.464402239186636,5.283809999999999,2.199925,0.5407098899999999,0.017612699999999995,0.26439,1.0515870364859996,1.7612699999999998e-05,8.806349999999998,STOP
AXISBANK,1309,2026-08-28 10:25:00+05:30,1261.1,1257.7,1267.8999999999996,7,2026-08-28 15:10:00+05:30,1261.2,0.700000000000955,18.210705310797998,-17.510705310797043,5.296829999999999,2.2071,0.5420422699999999,0.017656099999999997,0.264831,1.0541782846979997,1.76561e-05,8.82805,SESSION_CLOSE
AXISBANK,1395,2026-08-31 11:35:00+05:30,1261.3,1260.4,1263.0999999999997,7,2026-08-31 11:50:00+05:30,1263.0999999999997,12.59999999999809,18.227175996343995,-5.627175996345905,5.301239999999999,2.2104249999999994,0.5424935599999999,0.017670799999999993,0.264873,1.0550559655439997,1.7670799999999997e-05,8.835399999999996,TARGET
AXISBANK,1412,2026-08-31 13:00:00+05:30,1263.1,1261.8,1265.6999999999998,7,2026-08-31 13:00:00+05:30,1261.8,-9.099999999999682,18.228398921473996,-27.328398921473678,5.302289999999999,2.2081500000000003,0.5426010099999999,0.017674299999999997,0.26525099999999996,1.055264937174,1.76743e-05,8.83715,STOP
AXISBANK,1418,2026-08-31 13:30:00+05:30,1263.2,1260.2,1269.2,7,2026-08-31 15:10:00+05:30,1260.2,-21.0,18.216260146083997,-39.216260146084,5.2991399999999995,2.20535,0.54227866,0.017663799999999997,0.265272,1.054638022284,1.7663800000000002e-05,8.8319,STOP
KOTAKBANK,61,2026-08-03 14:25:00+05:30,393.75,392.9,395.45000000000005,25,2026-08-03 15:05:00+05:30,392.9,-21.25000000000057,20.281573953675,-41.53157395367557,5.899875,2.455625,0.603753875,0.01966625,0.29531250000000003,1.174196662425,1.966625e-05,9.833125,STOP
KOTAKBANK,165,2026-08-05 11:05:00+05:30,396.9,396.55,397.5999999999999,25,2026-08-05 11:10:00+05:30,396.55,-8.749999999999147,20.458288174274998,-29.208288174274145,5.950875,2.4784375,0.608972875,0.01983625,0.297675,1.1843467130249998,1.9836250000000002e-05,9.918125,STOP
KOTAKBANK,386,2026-08-10 11:30:00+05:30,389.95,388.7,392.45,25,2026-08-10 12:40:00+05:30,392.45,62.5,20.181199440799997,42.3188005592,5.867999999999999,2.4528125,0.600492,0.019559999999999998,0.2924625,1.1678528808,1.9560000000000002e-05,9.78,TARGET
KOTAKBANK,543,2026-08-12 12:35:00+05:30,390.9,389.65,393.4,25,2026-08-12 14:50:00+05:30,393.4,62.5,20.230191281849997,42.26980871815,5.882249999999999,2.45875,0.60195025,0.0196075,0.293175,1.1706889243499998,1.96075e-05,9.80375,TARGET
KOTAKBANK,608,2026-08-13 12:00:00+05:30,391.6,390.5,393.80000000000007,25,2026-08-13 13:50:00+05:30,390.5,-27.50000000000057,20.163563886949998,-47.66356388695057,5.86575,2.4406250000000003,0.60026175,0.0195525,0.2937,1.16740508445,1.95525e-05,9.77625,STOP
KOTAKBANK,695,2026-08-14 13:15:00+05:30,392.1,391.4,393.5000000000001,25,2026-08-14 14:05:00+05:30,393.5000000000001,35.000000000002274,20.260687015200002,14.739312984802272,5.892,2.459375000000001,0.6029480000000002,0.01964,0.29407500000000003,1.1726293752,1.9640000000000005e-05,9.820000000000002,TARGET
KOTAKBANK,894,2026-08-19 11:50:00+05:30,389.9,389.1,391.4999999999999,25,2026-08-19 14:30:00+05:30,391.4999999999999,39.999999999997726,20.152939261299995,19.84706073869773,5.860499999999998,2.446874999999999,0.5997244999999999,0.019534999999999997,0.292425,1.1663602262999997,1.9535e-05,9.767499999999998,TARGET
KOTAKBANK,1035,2026-08-21 11:35:00+05:30,403.05,402.35,404.45,24,2026-08-21 11:50:00+05:30,402.35,-16.799999999999727,19.934840226528003,-36.73484022652773,5.7988800000000005,2.4141000000000004,0.5934187200000001,0.019329600000000002,0.290196,1.1540965769279998,1.9329600000000002e-05,9.664800000000001,STOP
KOTAKBANK,1268,2026-08-27 13:00:00+05:30,425.95,424.6,428.6499999999999,23,2026-08-27 14:10:00+05:30,424.6,-31.049999999999216,20.173642169826998,-51.22364216982621,5.868795,2.44145,0.6005733550000001,0.01956265,0.29390550000000004,1.168011102177,1.956265e-05,9.781325,STOP
INFY,130,2026-08-04 14:10:00+05:30,1160.1,1159.3,1161.6999999999998,8,2026-08-04 14:10:00+05:30,1159.3,-6.399999999999636,19.137262506335993,-25.53726250633563,5.566559999999999,2.3186,0.5696446399999999,0.018555199999999997,0.278424,1.1078601111359996,1.8555199999999998e-05,9.277599999999998,STOP
INFY,323,2026-08-07 12:15:00+05:30,1175.0,1174.3,1176.4,8,2026-08-07 12:15:00+05:30,1174.3,-5.600000000000364,19.384063103792002,-24.984063103792366,5.638319999999999,2.3486,0.57698808,0.0187944,0.28200000000000003,1.1221418293919998,1.8794400000000004e-05,9.3972,STOP
INFY,459,2026-08-11 11:35:00+05:30,1189.2,1186.1,1195.4000000000003,8,2026-08-11 14:35:00+05:30,1186.1,-24.80000000000109,19.596483797231997,-44.39648379723309,5.700719999999999,2.3722,0.58337368,0.0190024,0.285408,1.1345607148319998,1.9002400000000003e-05,9.5012,STOP
INFY,606,2026-08-13 11:50:00+05:30,1168.3,1164.9,1175.0999999999997,8,2026-08-13 14:55:00+05:30,1164.9,-27.19999999999891,19.248841859008003,-46.44884185900691,5.599679999999999,2.3298,0.57303392,0.018665599999999997,0.280392,1.1144516734079999,1.86656e-05,9.3328,STOP
INFY,682,2026-08-14 12:10:00+05:30,1168.4,1163.8,1177.6000000000004,8,2026-08-14 15:10:00+05:30,1169.2,6.399999999999636,19.288843391744003,-12.888843391744366,5.610239999999999,2.3384,0.57411456,0.018700800000000004,0.28041600000000005,1.1165533309439999,1.8700800000000006e-05,9.350400000000002,SESSION_CLOSE
INFY,1104,2026-08-24 11:20:00+05:30,1137.5,1133.5,1145.5,8,2026-08-24 11:40:00+05:30,1133.5,-32.0,18.73508564624,-50.73508564624,5.4504,2.267,0.5577576,0.018168,0.273,1.0847418782400002,1.8168e-05,9.084,STOP
INFY,1338,2026-08-28 12:50:00+05:30,1141.3,1139.5,1144.8999999999999,8,2026-08-28 13:20:00+05:30,1139.5,-14.399999999999636,18.817883969152,-33.217883969151636,5.47392,2.279,0.5601644800000001,0.0182464,0.273912,1.0894228427519999,1.8246400000000002e-05,9.1232,STOP
INFY,1412,2026-08-31 13:00:00+05:30,1123.4,1120.4,1129.4,8,2026-08-31 15:10:00+05:30,1129.4,48.0,18.593712760832002,29.406287239167998,5.40672,2.2588000000000004,0.5532876800000001,0.0180224,0.269616,1.0760486584320001,1.8022400000000002e-05,9.0112,TARGET
TCS,39,2026-08-03 12:35:00+05:30,2436.2,2430.7,2447.2,4,2026-08-03 15:00:00+05:30,2447.2,44.0,20.151935291248,23.848064708752,5.860079999999999,2.4472,0.59968152,0.019533599999999998,0.292344,1.1662766376479996,1.95336e-05,9.7668,TARGET
TCS,333,2026-08-07 13:05:00+05:30,2436.5,2432.1,2445.3,4,2026-08-07 13:30:00+05:30,2445.3,35.20000000000073,20.144366285295998,15.05563371470473,5.85816,2.4453,0.59948504,0.0195272,0.29238000000000003,1.1658945180959999,1.95272e-05,9.7636,TARGET
TCS,461,2026-08-11 11:45:00+05:30,2441.9,2433.1,2459.5000000000005,4,2026-08-11 15:10:00+05:30,2442.1,0.7999999999992724,20.14965866848,-19.34965866848073,5.860799999999999,2.4421,0.5997552,0.019535999999999998,0.293028,1.1664199324799998,1.9536e-05,9.768,SESSION_CLOSE
TCS,623,2026-08-13 13:15:00+05:30,2364.7,2358.0,2378.0999999999995,4,2026-08-13 14:40:00+05:30,2358.0,-26.799999999999272,19.481158755944,-46.281158755943274,5.66724,2.358,0.57994756,0.0188908,0.28376399999999996,1.127897505144,1.88908e-05,9.4454,STOP
TCS,690,2026-08-14 12:50:00+05:30,2365.0,2355.9,2383.2,4,2026-08-14 12:55:00+05:30,2355.9,-36.399999999999636,19.472676624248,-55.87267662424763,5.66508,2.3559,0.57972652,0.018883599999999997,0.2838,1.1274676206479999,1.88836e-05,9.4418,STOP
TCS,702,2026-08-14 13:50:00+05:30,2358.2,2355.0,2364.5999999999995,4,2026-08-14 14:00:00+05:30,2355.0,-12.799999999999272,19.443505283104,-32.243505283103275,5.6558399999999995,2.355,0.57878096,0.0188528,0.28298399999999996,1.125628670304,1.88528e-05,9.4264,STOP
TCS,907,2026-08-19 12:55:00+05:30,2279.1,2277.9,2281.4999999999995,4,2026-08-19 12:55:00+05:30,2277.9,-4.799999999999272,18.79996207704,-23.599962077039272,5.468399999999999,2.2779000000000003,0.5595996,0.018227999999999998,0.273492,1.0883242490399998,1.8228000000000002e-05,9.114,STOP
TCS,910,2026-08-19 13:10:00+05:30,2281.7,2280.0,2285.0999999999995,4,2026-08-19 13:15:00+05:30,2280.0,-6.799999999999272,18.819132532024,-25.619132532023272,5.474039999999999,2.2800000000000002,0.5601767599999999,0.018246799999999997,0.273804,1.0894467252239997,1.82468e-05,9.1234,STOP
TCS,923,2026-08-19 14:15:00+05:30,2288.2,2282.9,2298.7999999999993,4,2026-08-19 14:20:00+05:30,2282.9,-21.19999999999891,18.856329441992003,-40.05632944199091,5.48532,2.2829,0.5613310800000001,0.0182844,0.274584,1.091691677592,1.8284400000000004e-05,9.1422,STOP
TCS,1177,2026-08-25 11:25:00+05:30,2282.4,2276.2,2294.8000000000006,4,2026-08-25 12:35:00+05:30,2276.2,-24.80000000000109,18.804363082991998,-43.60436308299309,5.470319999999999,2.2762,0.55979608,0.0182344,0.273888,1.0887063685919998,1.8234400000000003e-05,9.1172,STOP
TCS,1213,2026-08-25 14:25:00+05:30,2282.4,2277.2,2292.8000000000006,4,2026-08-25 15:10:00+05:30,2288.0,22.399999999999636,18.858237501888,3.5417624981116376,5.48448,2.2880000000000003,0.5612451199999999,0.0182816,0.273888,1.0915245002879999,1.82816e-05,9.1408,SESSION_CLOSE
TCS,1264,2026-08-27 12:40:00+05:30,2259.3,2255.0,2267.9000000000005,4,2026-08-27 12:55:00+05:30,2255.0,-17.200000000000728,18.622433730696002,-35.82243373069673,5.41716,2.255,0.55435604,0.0180572,0.271116,1.0781264334960001,1.80572e-05,9.0286,STOP
TCS,1326,2026-08-28 11:50:00+05:30,2332.5,2326.7,2344.1000000000004,4,2026-08-28 13:10:00+05:30,2344.1000000000004,46.400000000001455,19.299019271951998,27.100980728049457,5.61192,2.3441000000000005,0.57428648,0.0187064,0.2799,1.1168876855519998,1.87064e-05,9.3532,TARGET
TCS,1343,2026-08-28 13:15:00+05:30,2344.0,2342.6,2346.8,4,2026-08-28 13:15:00+05:30,2342.6,-5.600000000000364,19.334555559152,-24.934555559152365,5.62392,2.3426,0.57551448,0.0187464,0.28128000000000003,1.119275932752,1.8746400000000004e-05,9.3732,STOP
TCS,1399,2026-08-31 11:55:00+05:30,2325.0,2318.3,2338.3999999999996,4,2026-08-31 15:10:00+05:30,2323.0,-8.0,19.175042290559997,-27.175042290559997,5.5775999999999994,2.323,0.5707744,0.018592,0.279,1.11005729856,1.8592e-05,9.296,SESSION_CLOSE
WIPRO,34,2026-08-03 12:10:00+05:30,186.54,186.29,187.04,53,2026-08-03 14:05:00+05:30,187.04,26.5,20.4245089981332,6.075491001866801,5.939921999999999,2.47828,0.607852018,0.019799739999999996,0.2965986,1.1821668403932,1.979974e-05,9.899869999999998,TARGET
WIPRO,121,2026-08-04 13:25:00+05:30,188.32,188.03,188.89999999999998,53,2026-08-04 13:40:00+05:30,188.03,-15.369999999999578,20.571324186229,-35.94132418622858,5.9839649999999995,2.4913975,0.612359085,0.019946549999999997,0.2994288,1.190932304679,1.994655e-05,9.973275,STOP
WIPRO,343,2026-08-07 13:55:00+05:30,187.26,187.06,187.65999999999997,53,2026-08-07 14:00:00+05:30,187.06,-10.599999999999397,20.460879787732797,-31.060879787732194,5.951687999999999,2.478545,0.609056072,0.01983896,0.2977434,1.1845085167727998,1.983896e-05,9.919479999999998,STOP
WIPRO,490,2026-08-11 14:10:00+05:30,184.01,183.69,184.64999999999998,54,2026-08-11 15:10:00+05:30,183.9,-5.939999999999202,20.4904574420652,-26.4304574420644,5.960141999999999,2.48265,0.609921198,0.01986714,0.2980962,1.1861910369251998,1.986714e-05,9.93357,SESSION_CLOSE
WIPRO,607,2026-08-13 11:55:00+05:30,183.08,182.4,184.44000000000003,54,2026-08-13 15:10:00+05:30,183.39,16.739999999998588,20.4127500197484,-3.672750019749813,5.936814,2.475765,0.6075339660000001,0.01978938,0.29658960000000006,1.1815482843683998,1.9789380000000003e-05,9.89469,SESSION_CLOSE
WIPRO,678,2026-08-14 11:50:00+05:30,184.33,183.66,185.67000000000004,54,2026-08-14 15:10:00+05:30,184.0,-17.820000000000675,20.512542956907602,-38.33254295690828,5.966946,2.484,0.610617474,0.01988982,0.29861460000000006,1.1875451730875999,1.9889820000000002e-05,9.94491,SESSION_CLOSE
WIPRO,772,2026-08-17 13:40:00+05:30,182.04,181.76,182.6,54,2026-08-17 15:10:00+05:30,181.76,-15.120000000000061,20.260537132535994,-35.380537132536055,5.893559999999999,2.45376,0.60310764,0.019645199999999995,0.2949048,1.1729398473359998,1.96452e-05,9.822599999999998,STOP
WIPRO,891,2026-08-19 11:35:00+05:30,179.39,179.2,179.76999999999998,55,2026-08-19 11:45:00+05:30,179.76999999999998,20.89999999999975,20.376510152283995,0.523489847715755,5.926139999999998,2.4718374999999995,0.6064416599999999,0.019753799999999995,0.29599349999999996,1.1794239384839997,1.9753799999999997e-05,9.876899999999997,TARGET
WIPRO,894,2026-08-19 11:50:00+05:30,179.78,179.58,180.17999999999998,55,2026-08-19 11:55:00+05:30,179.58,-10.999999999999375,20.384346631264002,-31.384346631263377,5.92944,2.4692250000000002,0.6067793600000001,0.019764800000000003,0.296637,1.180080706464,1.9764800000000004e-05,9.882400000000002,STOP
WIPRO,996,2026-08-20 14:20:00+05:30,181.35,180.92,182.21,55,2026-08-20 14:25:00+05:30,180.92,-23.650000000000375,20.548031850423,-44.19803185042338,5.977454999999999,2.4876499999999995,0.611692895,0.019924849999999997,0.29922750000000004,1.1896366805729999,1.992485e-05,9.962425,STOP
WIPRO,1015,2026-08-21 09:55:00+05:30,181.55,180.86,182.93,55,2026-08-21 10:15:00+05:30,180.86,-37.949999999999875,20.554400685709002,-58.50440068570887,5.9797649999999996,2.4868250000000005,0.6119292850000001,0.019932550000000004,0.29955750000000003,1.190096418159,1.9932550000000003e-05,9.966275000000001,STOP
WIPRO,1045,2026-08-21 12:25:00+05:30,181.26,181.03,181.71999999999997,55,2026-08-21 12:25:00+05:30,181.03,-12.649999999999437,20.550376398321,-33.20037639832044,5.977784999999999,2.4891625,0.611726665,0.019925949999999998,0.299079,1.189702357371,1.992595e-05,9.962974999999998,STOP
WIPRO,1121,2026-08-24 12:45:00+05:30,182.52,181.9,183.76000000000002,54,2026-08-24 12:55:00+05:30,183.76000000000002,66.96000000000049,20.4076919820816,46.55230801791889,5.933736,2.48076,0.6072189840000001,0.01977912,0.2956824,1.1809356989615998,1.9779120000000003e-05,9.889560000000001,TARGET
WIPRO,1264,2026-08-27 12:40:00+05:30,177.67,177.31,178.38999999999996,56,2026-08-27 13:50:00+05:30,177.31,-20.159999999999172,20.5010019623584,-40.661001962357574,5.963664,2.48234,0.610281616,0.019878879999999998,0.29848559999999996,1.1868919874783999,1.987888e-05,9.93944,STOP
WIPRO,1333,2026-08-28 12:25:00+05:30,180.7,180.17,181.76,55,2026-08-28 15:10:00+05:30,181.76,58.300000000000125,20.567824555454,37.73217544454613,5.980589999999999,2.4992,0.61201371,0.0199353,0.298155,1.1902606101539999,1.9935300000000002e-05,9.96765,TARGET
HCLTECH,35,2026-08-03 12:15:00+05:30,1354.3,1353.2,1356.4999999999998,7,2026-08-03 12:20:00+05:30,1353.2,-7.699999999999363,19.54689757895,-27.246897578949362,5.68575,2.3681,0.58184175,0.0189525,0.284403,1.1315813764499998,1.8952500000000002e-05,9.47625,STOP
HCLTECH,164,2026-08-05 11:00:00+05:30,1362.4,1356.7,1373.8000000000002,7,2026-08-05 11:15:00+05:30,1356.7,-39.90000000000032,19.627105841966,-59.52710584196632,5.71011,2.374225,0.58433459,0.0190337,0.286104,1.136429518266,1.90337e-05,9.51685,STOP
HCLTECH,367,2026-08-10 09:55:00+05:30,1361.2,1356.0,1371.6000000000001,7,2026-08-10 14:05:00+05:30,1356.0,-36.40000000000032,19.613773126471997,-56.013773126472316,5.706119999999999,2.373,0.58392628,0.0190204,0.285852,1.1356354260719999,1.9020400000000002e-05,9.5102,STOP
HCLTECH,461,2026-08-11 11:45:00+05:30,1370.7,1367.7,1376.7,7,2026-08-11 12:15:00+05:30,1367.7,-21.0,19.768527951983998,-40.768527951984,5.750639999999999,2.393475,0.58848216,0.0191688,0.287847,1.1444958231839997,1.9168800000000002e-05,9.5844,STOP
HCLTECH,606,2026-08-13 11:50:00+05:30,1363.2,1360.1,1369.4000000000003,7,2026-08-13 12:00:00+05:30,1369.4000000000003,43.40000000000191,19.733736820476004,23.666263179525906,5.73846,2.3964500000000006,0.5872357400000001,0.019128200000000005,0.28627199999999997,1.142071752276,1.9128200000000004e-05,9.564100000000003,TARGET
HCLTECH,683,2026-08-14 12:15:00+05:30,1362.4,1359.0,1369.2000000000003,7,2026-08-14 15:10:00+05:30,1360.8,-11.200000000000955,19.659864228032,-30.859864228032954,5.718719999999999,2.3814,0.58521568,0.0190624,0.286104,1.1381430856319998,1.9062400000000002e-05,9.5312,SESSION_CLOSE
HCLTECH,912,2026-08-19 13:20:00+05:30,1319.4,1317.5,1323.2000000000003,7,2026-08-19 13:55:00+05:30,1317.5,-13.300000000000637,19.036560150594,-32.336560150594636,5.53749,2.305625,0.56666981,0.0184583,0.27707400000000004,1.102074582294,1.8458300000000002e-05,9.22915,STOP
HCLTECH,1118,2026-08-24 12:30:00+05:30,1320.2,1318.0,1324.6000000000001,7,2026-08-24 12:40:00+05:30,1318.0,-15.400000000000318,19.045714955932,-34.44571495593232,5.54022,2.3065,0.56694918,0.018467400000000002,0.277242,1.1026179085319998,1.8467400000000002e-05,9.2337,STOP
HCLTECH,1129,2026-08-24 13:25:00+05:30,1319.7,1317.8,1323.5000000000002,7,2026-08-24 13:45:00+05:30,1317.8,-13.300000000000637,19.040892060749997,-32.34089206075063,5.538749999999999,2.30615,0.56679875,0.0184625,0.277137,1.10232534825,1.84625e-05,9.23125,STOP
HCLTECH,1211,2026-08-25 14:15:00+05:30,1303.5,1301.1,1308.3000000000002,7,2026-08-25 14:30:00+05:30,1308.3000000000002,33.60000000000127,18.860500909068,14.739499090933272,5.484780000000001,2.2895250000000007,0.5612758200000001,0.018282600000000003,0.273735,1.0915842064680001,1.8282600000000003e-05,9.141300000000001,TARGET
HCLTECH,1264,2026-08-27 12:40:00+05:30,1290.6,1288.7,1294.3999999999996,7,2026-08-27 12:40:00+05:30,1288.7,-13.299999999999045,18.620696775617997,-31.920696775617042,5.416529999999999,2.255225,0.55429157,0.018055099999999998,0.271026,1.0780010505179998,1.80551e-05,9.02755,STOP
HCLTECH,1411,2026-08-31 12:55:00+05:30,1313.3,1311.4,1317.0999999999997,7,2026-08-31 13:10:00+05:30,1317.0999999999997,26.59999999999809,18.994020123903994,7.605979876094096,5.523839999999999,2.3049249999999994,0.5652729599999999,0.018412799999999997,0.275793,1.0993579511039997,1.8412799999999998e-05,9.206399999999997,TARGET
LT,30,2026-08-03 11:50:00+05:30,3985.0,3976.2,4002.6000000000004,2,2026-08-03 12:15:00+05:30,4002.6000000000004,35.20000000000073,16.480807981936,18.719192018064728,4.79256,2.0013,0.49043864000000004,0.0159752,0.2391,0.953818166736,1.5975200000000002e-05,7.9876,TARGET
LT,75,2026-08-04 09:35:00+05:30,4018.3,3996.2,4062.500000000001,2,2026-08-04 15:05:00+05:30,3996.2,-44.20000000000073,16.52756368822,-60.72756368822073,4.8087,1.9981,0.49209030000000004,0.016028999999999998,0.241098,0.9570303592199999,1.6029000000000002e-05,8.0145,STOP
LT,154,2026-08-05 10:10:00+05:30,4072.7,4059.3,4099.499999999999,2,2026-08-05 10:10:00+05:30,4059.3,-26.799999999999272,16.771858375519997,-43.57185837551927,4.879199999999999,2.02965,0.4993048,0.016264,0.244362,0.9710613115199997,1.6264000000000002e-05,8.132,STOP
LT,166,2026-08-05 11:10:00+05:30,4067.1,4062.2,4076.9,2,2026-08-05 11:10:00+05:30,4062.2,-9.800000000000182,16.768158776748002,-26.568158776748184,4.87758,2.0311,0.49913902,0.016258599999999998,0.244026,0.9707388981479999,1.62586e-05,8.1293,STOP
LT,240,2026-08-06 11:20:00+05:30,4066.4,4062.9,4073.4,2,2026-08-06 11:40:00+05:30,4062.9,-7.0,16.768466776748,-23.768466776748,4.87758,2.03145,0.49913902000000004,0.016258599999999998,0.243984,0.9707388981479999,1.62586e-05,8.1293,STOP
LT,337,2026-08-07 13:25:00+05:30,4049.0,4040.3,4066.3999999999996,2,2026-08-07 14:05:00+05:30,4040.3,-17.399999999999636,16.684810202347997,-34.08481020234763,4.853579999999999,2.02015,0.49668302000000003,0.0161786,0.24294000000000002,0.9659624037479998,1.61786e-05,8.0893,STOP
LT,391,2026-08-10 11:55:00+05:30,4059.0,4052.6,4071.8,2,2026-08-10 14:00:00+05:30,4071.8,25.600000000000364,16.775146998288,8.824853001712363,4.87848,2.0359000000000003,0.49923112000000003,0.0162616,0.24354,0.9709180166879999,1.62616e-05,8.1308,TARGET
LT,417,2026-08-10 14:05:00+05:30,4068.3,4065.5,4073.9000000000005,2,2026-08-10 14:10:00+05:30,4065.5,-5.600000000000364,16.777903441367997,-22.37790344136836,4.880279999999999,2.03275,0.49941532000000005,0.0162676,0.244098,0.9712762537679999,1.62676e-05,8.1338,STOP
LT,602,2026-08-13 11:30:00+05:30,4023.0,3992.9,4083.2,2,2026-08-13 15:10:00+05:30,4051.2,56.399999999999636,16.661779705511996,39.73822029448764,4.844519999999999,2.0256,0.49575588,0.0161484,0.24138,0.9641592771119998,1.61484e-05,8.0742,SESSION_CLOSE
LT,678,2026-08-14 11:50:00+05:30,4048.5,4045.0,4055.5,2,2026-08-14 12:00:00+05:30,4045.0,-7.0,16.694618022660002,-23.694618022660002,4.8561,2.0225,0.4969409,0.016187,0.24291000000000001,0.96646393566,1.6187e-05,8.0935,STOP
LT,700,2026-08-14 13:40:00+05:30,4058.2,4047.0,4080.5999999999995,2,2026-08-14 15:10:00+05:30,4057.0,-2.399999999999636,16.739887094272,-19.139887094271636,4.869119999999999,2.0285,0.49827328,0.0162304,0.243492,0.9690551838719998,1.62304e-05,8.1152,SESSION_CLOSE
LT,751,2026-08-17 11:55:00+05:30,4053.3,4045.0,4069.9000000000005,2,2026-08-17 12:45:00+05:30,4069.9000000000005,33.20000000000073,16.760305609152,16.43969439084873,4.87392,2.0349500000000003,0.49876448000000007,0.0162464,0.24319800000000003,0.9700104827520001,1.62464e-05,8.1232,TARGET
LT,821,2026-08-18 11:45:00+05:30,4072.4,4064.3,4088.6,2,2026-08-18 14:35:00+05:30,4064.3,-16.199999999999818,16.782719603011998,-32.982719603011816,4.88202,2.03215,0.49959338000000003,0.0162734,0.244344,0.971622549612,1.6273400000000002e-05,8.1367,STOP
LT,960,2026-08-20 11:20:00+05:30,4054.5,4051.8,4059.8999999999996,2,2026-08-20 11:30:00+05:30,4059.8999999999996,10.799999999999272,16.739688842784,-5.939688842784726,4.868639999999999,2.02995,0.49822415999999997,0.016228799999999998,0.24327000000000001,0.968959653984,1.62288e-05,8.1144,TARGET
LT,978,2026-08-20 12:50:00+05:30,4082.4,4078.1,4091.0000000000005,2,2026-08-20 13:00:00+05:30,4078.1,-8.600000000000364,16.83265058478,-25.432650584780365,4.8963,2.03905,0.5010547,0.016321,0.24494400000000002,0.97446456378,1.6321000000000002e-05,8.1605,STOP
LT,1054,2026-08-21 13:10:00+05:30,4077.6,4070.8,4091.1999999999994,2,2026-08-21 13:55:00+05:30,4091.1999999999994,27.19999999999891,16.853709943968,10.34629005603091,4.90128,2.0456,0.50156432,0.016337599999999997,0.244656,0.975455686368,1.63376e-05,8.1688,TARGET
LT,1064,2026-08-21 14:00:00+05:30,4087.3,4083.0,4095.9000000000005,2,2026-08-21 14:15:00+05:30,4095.9000000000005,17.200000000000728,16.882314470752,0.3176855292487275,4.90992,2.04795,0.5024484800000001,0.0163664,0.245238,0.9771752243519998,1.6366400000000003e-05,8.1832,TARGET
LT,1084,2026-08-24 09:40:00+05:30,4102.0,4085.1,4135.8,2,2026-08-24 11:30:00+05:30,4085.1,-33.80000000000018,16.884749446755997,-50.68474944675618,4.91226,2.04255,0.50268794,0.0163742,0.24612,0.977640932556,1.6374200000000003e-05,8.1871,STOP
LT,1129,2026-08-24 13:25:00+05:30,4090.0,4085.7,4098.6,2,2026-08-24 13:30:00+05:30,4085.7,-8.600000000000364,16.864005363051998,-25.46400536305236,4.9054199999999994,2.04285,0.50198798,0.0163514,0.2454,0.9762796316519998,1.63514e-05,8.1757,STOP
LT,1275,2026-08-27 13:35:00+05:30,4055.7,4050.0,4067.0999999999995,2,2026-08-27 13:45:00+05:30,4050.0,-11.399999999999636,16.719300357852,-28.119300357851635,4.86342,2.025,0.49768998,0.016211399999999997,0.243342,0.967920766452,1.6211400000000002e-05,8.1057,STOP
BHARTIARTL,241,2026-08-06 11:25:00+05:30,1968.6,1967.5,1970.7999999999997,5,2026-08-06 11:25:00+05:30,1967.5,-5.499999999999545,20.29800400599,-25.798004005989544,5.90415,2.459375,0.60419135,0.0196805,0.29529,1.1750474754899998,1.9680500000000002e-05,9.84025,STOP
BHARTIARTL,261,2026-08-06 13:05:00+05:30,1965.3,1961.8,1972.3,5,2026-08-06 13:05:00+05:30,1961.8,-17.5,20.250270682889997,-37.75027068289,5.890649999999999,2.4522500000000003,0.60280985,0.0196355,0.29479500000000003,1.1723606973899998,1.9635500000000002e-05,9.81775,STOP
BHARTIARTL,326,2026-08-07 12:30:00+05:30,1952.8,1951.5,1955.3999999999999,5,2026-08-07 13:10:00+05:30,1955.3999999999999,12.999999999999545,20.15615770438,-7.156157704380455,5.862299999999999,2.4442500000000003,0.5999087,0.019541,0.29292,1.16671846338,1.9541e-05,9.7705,TARGET
BHARTIARTL,337,2026-08-07 13:25:00+05:30,1958.1,1954.0,1966.2999999999997,5,2026-08-07 14:10:00+05:30,1954.0,-20.499999999999545,20.172585144390002,-40.672585144389544,5.86815,2.4425,0.60050735,0.019560499999999998,0.293715,1.16788273389,1.95605e-05,9.78025,STOP
BHARTIARTL,399,2026-08-10 12:35:00+05:30,1950.0,1947.6,1954.8000000000002,5,2026-08-10 13:00:00+05:30,1947.6,-12.000000000000455,20.09874312384,-32.09874312384045,5.846399999999999,2.4345,0.5982816,0.019488,0.2925,1.1635540358399998,1.9488e-05,9.744,STOP
BHARTIARTL,925,2026-08-19 14:25:00+05:30,1930.5,1927.6,1936.3000000000002,5,2026-08-19 14:25:00+05:30,1927.6,-14.500000000000455,19.894765205789998,-34.39476520579045,5.787149999999999,2.4095,0.59221835,0.0192905,0.289575,1.1517620652899998,1.92905e-05,9.64525,STOP
BHARTIARTL,958,2026-08-20 11:10:00+05:30,1942.8,1941.8,1944.8,5,2026-08-20 11:10:00+05:30,1941.8,-5.0,20.03247165714,-25.03247165714,5.826899999999999,2.42725,0.5962861,0.019423,0.29142,1.15967313414,1.9423e-05,9.7115,STOP
BHARTIARTL,1027,2026-08-21 10:55:00+05:30,1948.6,1945.2,1955.3999999999996,5,2026-08-21 12:15:00+05:30,1945.2,-16.999999999999318,20.07859638742,-37.07859638741932,5.8407,2.4315,0.5976983,0.019469,0.29229,1.16241961842,1.9469000000000003e-05,9.7345,STOP
BHARTIARTL,1154,2026-08-25 09:30:00+05:30,1941.3,1938.4,1947.0999999999997,5,2026-08-25 09:40:00+05:30,1938.4,-14.499999999999318,20.006157181229998,-34.50615718122931,5.81955,2.423,0.59553395,0.0193985,0.291195,1.15821033273,1.93985e-05,9.69925,STOP
BHARTIARTL,1344,2026-08-28 13:20:00+05:30,1878.4,1876.0,1883.2000000000003,5,2026-08-28 13:45:00+05:30,1876.0,-12.000000000000455,19.36025558296,-31.360255582960455,5.631599999999999,2.345,0.5763004,0.018772,0.28176,1.1208044109599997,1.8772000000000003e-05,9.386,STOP
BHARTIARTL,1385,2026-08-31 10:45:00+05:30,1890.9,1885.4,1901.9,5,2026-08-31 10:45:00+05:30,1885.4,-27.5,19.47148966917,-46.97148966917,5.6644499999999995,2.35675,0.57966205,0.0188815,0.283635,1.12734223767,1.8881500000000002e-05,9.44075,STOP
ITC,95,2026-08-04 11:15:00+05:30,286.95,286.65,287.55,34,2026-08-04 11:15:00+05:30,287.55,20.400000000000773,20.14872044694,0.25127955306077254,5.8599,2.4441750000000004,0.5996631,0.019533,0.292689,1.1662408139399998,1.9533e-05,9.7665,TARGET
ITC,197,2026-08-05 13:45:00+05:30,286.3,286.0,286.90000000000003,34,2026-08-05 13:45:00+05:30,286.0,-10.200000000000387,20.068205189876004,-30.26820518987639,5.83746,2.431,0.59736674,0.0194582,0.292026,1.161774791676,1.9458200000000003e-05,9.7291,STOP
ITC,248,2026-08-06 12:00:00+05:30,285.5,285.05,286.4,35,2026-08-06 12:10:00+05:30,285.05,-15.749999999999602,20.594695329215,-36.3446953292146,5.990774999999999,2.4941875000000002,0.613055975,0.019969249999999997,0.299775,1.1922876349649998,1.9969250000000002e-05,9.984625,STOP
ITC,256,2026-08-06 12:40:00+05:30,285.25,285.0,285.75,35,2026-08-06 12:45:00+05:30,285.0,-8.75,20.584635553825002,-29.334635553825002,5.9876249999999995,2.49375,0.6127336250000001,0.01995875,0.2995125,1.1916607200749998,1.9958750000000003e-05,9.979375,STOP
ITC,315,2026-08-07 11:35:00+05:30,285.55,285.05,286.55,35,2026-08-07 12:00:00+05:30,285.05,-17.5,20.59630779178,-38.09630779178,5.991299999999999,2.4941875000000002,0.6131097,0.019971,0.2998275,1.19239212078,1.9971000000000002e-05,9.9855,STOP
ITC,467,2026-08-11 12:15:00+05:30,281.7,281.15,282.8,35,2026-08-11 12:25:00+05:30,281.15,-19.250000000000398,20.316346094205002,-39.5663460942054,5.909924999999999,2.4600625000000003,0.6047823250000001,0.01969975,0.295785,1.1761968194549999,1.969975e-05,9.849875,STOP
ITC,605,2026-08-13 11:45:00+05:30,277.9,277.8,278.0999999999999,35,2026-08-13 11:45:00+05:30,277.8,-3.4999999999988063,20.05996894741,-23.559968947408805,5.834849999999999,2.43075,0.59709965,0.019449499999999998,0.291795,1.1612553479099998,1.94495e-05,9.72475,STOP
ITC,705,2026-08-14 14:05:00+05:30,277.6,277.0,278.80000000000007,36,2026-08-14 15:10:00+05:30,277.6,0.0,20.614941588096002,-20.614941588096002,5.99616,2.4984,0.61360704,0.0199872,0.299808,1.1933593608959998,1.99872e-05,9.9936,SESSION_CLOSE
ITC,974,2026-08-20 12:30:00+05:30,267.5,267.05,268.4,37,2026-08-20 12:45:00+05:30,268.4,33.29999999999916,20.454713987193998,12.845286012805161,5.94849,2.4827,0.60872881,0.0198283,0.296925,1.183872048894,1.98283e-05,9.91415,TARGET
ITC,1136,2026-08-24 14:00:00+05:30,268.5,267.75,270.0,37,2026-08-24 15:10:00+05:30,267.75,-27.75,20.461355210175,-48.211355210175,5.952375,2.4766875,0.609126375,0.019841249999999998,0.298035,1.184645243925,1.9841250000000003e-05,9.920625,STOP
ITC,1181,2026-08-25 11:45:00+05:30,269.25,269.0,269.75,37,2026-08-25 12:00:00+05:30,269.75,18.5,20.571388390739997,-2.0713883907399975,5.982899999999999,2.4951875,0.6122501,0.019943,0.2988675,1.1907203477399997,1.9943000000000002e-05,9.9715,TARGET
HINDUNILVR,165,2026-08-05 11:05:00+05:30,2090.8,2083.0,2106.4000000000005,4,2026-08-05 12:10:00+05:30,2083.0,-31.200000000000728,17.216117151535997,-48.416117151536724,5.008559999999999,2.083,0.51254264,0.0166952,0.250896,0.996806616336,1.6695200000000002e-05,8.3476,STOP
HINDUNILVR,240,2026-08-06 11:20:00+05:30,2091.0,2086.6,2099.8,4,2026-08-06 12:55:00+05:30,2086.6,-17.600000000000364,17.233290540672,-34.833290540672365,5.013119999999999,2.0866,0.51300928,0.0167104,0.25092000000000003,0.9977141502719998,1.6710400000000002e-05,8.3552,STOP
HINDUNILVR,293,2026-08-07 09:45:00+05:30,2095.0,2091.1,2102.8,4,2026-08-07 11:55:00+05:30,2091.1,-15.600000000000364,17.268578384792,-32.868578384792364,5.02332,2.0911,0.51405308,0.0167444,0.2514,0.999744160392,1.6744400000000002e-05,8.3722,STOP
HINDUNILVR,390,2026-08-10 11:50:00+05:30,2091.0,2088.0,2097.0,4,2026-08-10 13:05:00+05:30,2097.0,24.0,17.28077307936,6.719226920640001,5.0256,2.097,0.5142864,0.016752,0.25092000000000003,1.00019792736,1.6752e-05,8.376,TARGET
HINDUNILVR,560,2026-08-12 14:00:00+05:30,2058.0,2056.0,2062.0,4,2026-08-12 14:00:00+05:30,2056.0,-8.0,16.971956554080002,-24.971956554080002,4.9368,2.056,0.5051992,0.016456,0.24696,0.9825248980799999,1.6456e-05,8.228,STOP
HINDUNILVR,637,2026-08-13 14:25:00+05:30,2085.9,2082.7,2092.3000000000006,4,2026-08-13 15:10:00+05:30,2088.0,8.399999999999636,17.220885714408,-8.820885714408362,5.00868,2.088,0.5125549199999999,0.016695599999999998,0.25030800000000003,0.996830498808,1.66956e-05,8.3478,SESSION_CLOSE
HINDUNILVR,979,2026-08-20 12:55:00+05:30,2034.0,2030.5,2041.0,4,2026-08-20 13:50:00+05:30,2041.0,28.0,16.815017034,11.184982966,4.89,2.041,0.50041,0.0163,0.24408000000000002,0.9732107339999999,1.63e-05,8.15,TARGET
HINDUNILVR,1134,2026-08-24 13:50:00+05:30,2015.7,2012.7,2021.7,4,2026-08-24 14:20:00+05:30,2021.7,24.0,16.659453394128,7.3405466058719995,4.84488,2.0217,0.49579272,0.0161496,0.24188400000000002,0.9642309245280001,1.6149600000000002e-05,8.0748,TARGET
HINDUNILVR,1176,2026-08-25 11:20:00+05:30,2026.0,2023.0,2032.0,4,2026-08-25 11:30:00+05:30,2023.0,-12.0,16.70335068728,-28.70335068728,4.8588,2.023,0.4972172,0.016196,0.24312,0.9670012912799998,1.6196000000000002e-05,8.098,STOP
HINDUNILVR,1316,2026-08-28 11:00:00+05:30,2009.8,2006.3,2016.8,4,2026-08-28 11:30:00+05:30,2006.3,-14.0,16.567397502391998,-30.567397502391998,4.819319999999999,2.0063,0.49317708,0.0160644,0.241176,0.9591439579919998,1.60644e-05,8.0322,STOP
HINDUNILVR,1401,2026-08-31 12:05:00+05:30,1994.7,1990.4,2003.3,5,2026-08-31 12:35:00+05:30,2003.3,42.999999999999545,20.6225595282,22.377440471799545,5.997,2.504125,0.613693,0.01999,0.299205,1.1935265382,1.999e-05,9.995,TARGET
M&M,36,2026-08-03 12:20:00+05:30,3413.8,3407.7,3426.000000000001,2,2026-08-03 12:35:00+05:30,3407.7,-12.200000000000728,14.070146156740002,-26.27014615674073,4.0929,1.7038499999999999,0.4188401,0.013642999999999999,0.204828,0.81457141374,1.3643000000000001e-05,6.8215,STOP
M&M,78,2026-08-04 09:50:00+05:30,3414.6,3408.6,3426.6,2,2026-08-04 10:05:00+05:30,3426.6,24.0,14.114765599632,9.885234400368,4.1047199999999995,1.7133,0.42004968,0.013682399999999999,0.204876,0.8169238372319999,1.36824e-05,6.8412,TARGET
M&M,132,2026-08-04 14:20:00+05:30,3420.8,3416.8,3428.8,2,2026-08-04 14:20:00+05:30,3416.8,-8.0,14.103819467936,-22.103819467936,4.10256,1.7084000000000001,0.41982864000000003,0.0136752,0.205248,0.8164939527360001,1.36752e-05,6.8376,STOP
M&M,165,2026-08-05 11:05:00+05:30,3483.9,3479.0,3493.7000000000003,2,2026-08-05 11:05:00+05:30,3479.0,-9.800000000000182,14.362092107244,-24.162092107244185,4.17774,1.7395,0.42752206,0.013925799999999999,0.209034,0.8314563214440001,1.39258e-05,6.9629,STOP
M&M,190,2026-08-05 13:10:00+05:30,3471.6,3465.2,3484.4,2,2026-08-05 13:25:00+05:30,3465.2,-12.800000000000182,14.307922652448,-27.10792265244818,4.16208,1.7326,0.42591951999999994,0.013873599999999998,0.208296,0.828339658848,1.3873599999999999e-05,6.9368,STOP
M&M,309,2026-08-07 11:05:00+05:30,3456.0,3443.5,3481.0,2,2026-08-07 12:25:00+05:30,3481.0,50.0,14.315243215320002,35.68475678468,4.1622,1.7405,0.4259318,0.013874,0.20736000000000002,0.8283635413200001,1.3874000000000001e-05,6.937,TARGET
M&M,326,2026-08-07 12:30:00+05:30,3476.0,3472.1,3483.8,2,2026-08-07 12:40:00+05:30,3483.8,15.600000000000364,14.358491382728001,1.2415086172723626,4.175879999999999,1.7419000000000002,0.42733172,0.013919599999999999,0.20856,0.8310861431279998,1.3919600000000001e-05,6.9598,TARGET
M&M,343,2026-08-07 13:55:00+05:30,3493.9,3491.5,3498.7000000000003,2,2026-08-07 13:55:00+05:30,3491.5,-4.800000000000182,14.409055430344,-19.209055430344183,4.1912400000000005,1.7457500000000001,0.42890356,0.013970799999999998,0.20963400000000001,0.8341430995440002,1.39708e-05,6.9854,STOP
M&M,386,2026-08-10 11:30:00+05:30,3528.3,3526.3,3532.3,2,2026-08-10 11:30:00+05:30,3526.3,-4.0,14.551890184055999,-18.551890184056,4.23276,1.7631500000000002,0.43315244,0.0141092,0.21169800000000003,0.842406434856,1.4109200000000002e-05,7.0546,STOP
M&M,553,2026-08-12 13:25:00+05:30,3422.6,3415.5,3436.7999999999997,2,2026-08-12 13:25:00+05:30,3415.5,-14.199999999999818,14.104168875115999,-28.304168875115817,4.10286,1.70775,0.41985934,0.0136762,0.205356,0.816553658916,1.3676200000000001e-05,6.8381,STOP
M&M,681,2026-08-14 12:05:00+05:30,3409.4,3403.4,3421.4,2,2026-08-14 12:10:00+05:30,3403.4,-12.0,14.052221671808,-26.052221671808,4.08768,1.7017,0.41830592,0.0136256,0.20456400000000002,0.813532526208,1.36256e-05,6.8128,STOP
M&M,794,2026-08-18 09:30:00+05:30,3420.5,3412.0,3437.5,2,2026-08-18 09:35:00+05:30,3412.0,-17.0,14.092309114699997,-31.092309114699997,4.099499999999999,1.706,0.4195155,0.013665,0.20523,0.8158849496999997,1.3665e-05,6.8325,STOP
M&M,814,2026-08-18 11:10:00+05:30,3422.4,3420.0,3427.2000000000003,2,2026-08-18 11:10:00+05:30,3420.0,-4.800000000000182,14.114072976863998,-18.91407297686418,4.10544,1.71,0.42012336,0.013684799999999999,0.205344,0.8170671320639998,1.36848e-05,6.8424,STOP
M&M,819,2026-08-18 11:35:00+05:30,3425.0,3417.5,3440.0,2,2026-08-18 15:10:00+05:30,3417.5,-15.0,14.1131572583,-29.1131572583,4.105499999999999,1.70875,0.4201295,0.013685,0.20550000000000002,0.8170790732999997,1.3685e-05,6.8425,STOP
M&M,968,2026-08-20 12:00:00+05:30,3434.9,3430.5,3443.7000000000003,2,2026-08-20 12:10:00+05:30,3443.7000000000003,17.600000000000364,14.191210856696,3.4087891433043644,4.12716,1.72185,0.42234604000000003,0.0137572,0.206094,0.8213898594959999,1.3757200000000001e-05,6.8786,TARGET
M&M,997,2026-08-20 14:25:00+05:30,3448.0,3439.0,3466.0,2,2026-08-20 15:10:00+05:30,3439.0,-18.0,14.204622497319999,-32.20462249732,4.132199999999999,1.7195,0.4228618,0.013774,0.20688,0.8223929233199998,1.3774e-05,6.887,STOP
M&M,1067,2026-08-21 14:15:00+05:30,3435.0,3431.5,3442.0,2,2026-08-21 15:10:00+05:30,3431.5,-7.0,14.16354480294,-21.163544802940002,4.1198999999999995,1.71575,0.4216031,0.013732999999999999,0.2061,0.81994496994,1.3733e-05,6.8665,STOP
M&M,1175,2026-08-25 11:15:00+05:30,3410.8,3406.0,3420.4000000000005,2,2026-08-25 11:20:00+05:30,3406.0,-9.600000000000364,14.060736929248,-23.660736929248365,4.0900799999999995,1.703,0.41855152,0.0136336,0.20464800000000002,0.814010175648,1.3633600000000001e-05,6.8168,STOP
M&M,1356,2026-08-28 14:20:00+05:30,3324.2,3320.0,3332.5999999999995,3,2026-08-28 14:35:00+05:30,3332.5999999999995,25.19999999999891,20.600385947471995,4.599614052526913,5.991119999999999,2.49945,0.6130912799999999,0.019970399999999996,0.29917799999999994,1.1923562970719999,1.9970399999999998e-05,9.985199999999999,TARGET
M&M,1399,2026-08-31 11:55:00+05:30,3325.1,3322.0,3331.2999999999997,3,2026-08-31 12:00:00+05:30,3331.2999999999997,18.599999999999454,20.598422258855997,-1.998422258856543,5.990759999999999,2.498475,0.61305444,0.019969199999999996,0.299259,1.1922846496559998,1.99692e-05,9.984599999999999,TARGET
SUNPHARMA,31,2026-08-03 11:55:00+05:30,1965.0,1963.0,1969.0,5,2026-08-03 11:55:00+05:30,1969.0,20.0,20.2899792306,-0.2899792306000002,5.901,2.46125,0.603869,0.01967,0.29475,1.1744205605999998,1.967e-05,9.835,TARGET
SUNPHARMA,32,2026-08-03 12:00:00+05:30,1969.0,1963.7,1979.6,5,2026-08-03 12:00:00+05:30,1963.7,-26.499999999999773,20.278160083929997,-46.77816008392977,5.899049999999999,2.454625,0.60366945,0.0196635,0.29535,1.1740324704299998,1.9663500000000002e-05,9.83175,STOP
SUNPHARMA,91,2026-08-04 10:55:00+05:30,1960.6,1951.9,1977.9999999999995,5,2026-08-04 14:55:00+05:30,1951.9,-43.49999999999909,20.17211795875,-63.67211795874909,5.8687499999999995,2.4398750000000002,0.60056875,0.0195625,0.29409,1.1680021462499999,1.95625e-05,9.78125,STOP
SUNPHARMA,384,2026-08-10 11:20:00+05:30,1953.0,1950.8,1957.4,5,2026-08-10 11:30:00+05:30,1950.8,-11.000000000000227,20.13082674642,-31.130826746420226,5.855699999999999,2.4385,0.5992333,0.019518999999999998,0.29295,1.1654049274199998,1.9519e-05,9.7595,STOP
SUNPHARMA,418,2026-08-10 14:10:00+05:30,1953.5,1948.9,1962.6999999999998,5,2026-08-10 15:10:00+05:30,1948.9,-22.999999999999545,20.12228689616,-43.122286896159544,5.853599999999999,2.436125,0.5990184000000001,0.019511999999999998,0.293025,1.1649869841599998,1.9512000000000002e-05,9.756,STOP
SUNPHARMA,702,2026-08-14 13:50:00+05:30,1924.0,1921.7,1928.6,5,2026-08-14 14:05:00+05:30,1921.7,-11.499999999999773,19.83114796063,-31.33114796062977,5.768549999999999,2.402125,0.59031495,0.0192285,0.2886,1.1480602821299999,1.92285e-05,9.61425,STOP
SUNPHARMA,897,2026-08-19 12:05:00+05:30,1895.7,1891.5,1904.1000000000001,5,2026-08-19 12:20:00+05:30,1891.5,-21.000000000000227,19.52841636048,-40.52841636048023,5.6808,2.364375,0.5813352,0.018935999999999998,0.284355,1.1305962244799999,1.8936e-05,9.468,STOP
SUNPHARMA,978,2026-08-20 12:50:00+05:30,1901.0,1898.0,1907.0,5,2026-08-20 15:10:00+05:30,1902.4,7.000000000000455,19.61504034206,-12.615040342059544,5.7051,2.378,0.5838219,0.019017,0.28515,1.1354324250599999,1.9017e-05,9.5085,SESSION_CLOSE
SUNPHARMA,1064,2026-08-21 14:00:00+05:30,1891.2,1888.5,1896.6000000000001,5,2026-08-21 14:20:00+05:30,1896.6000000000001,27.000000000000455,19.53679058202,7.463209417980455,5.681699999999999,2.37075,0.5814273,0.018938999999999998,0.28368,1.1307753430199998,1.8939000000000003e-05,9.4695,TARGET
SUNPHARMA,1261,2026-08-27 12:25:00+05:30,1913.4,1909.1,1922.0000000000005,5,2026-08-27 12:35:00+05:30,1909.1,-21.50000000000091,19.710404727750003,-41.21040472775091,5.73375,2.386375,0.58675375,0.019112499999999998,0.28701,1.14113436525,1.91125e-05,9.55625,STOP
SUNPHARMA,1333,2026-08-28 12:25:00+05:30,1916.3,1912.2,1924.4999999999998,5,2026-08-28 13:20:00+05:30,1924.4999999999998,40.99999999999909,19.81165348472,21.18834651527909,5.761199999999999,2.4056249999999997,0.5895628,0.019204,0.287445,1.14659748072,1.9204e-05,9.602,TARGET
TITAN,30,2026-08-03 11:50:00+05:30,4901.8,4885.0,4935.400000000001,2,2026-08-03 12:00:00+05:30,4885.0,-33.600000000000364,20.184655578447998,-53.784655578448366,5.8720799999999995,2.4425,0.60090952,0.019573599999999997,0.29410800000000004,1.168664884848,1.95736e-05,9.7868,STOP
TITAN,50,2026-08-03 13:30:00+05:30,4899.2,4891.9,4913.8,2,2026-08-03 14:20:00+05:30,4891.9,-14.600000000000364,20.195615680196,-34.79561568019636,5.874659999999999,2.44595,0.6011735399999999,0.019582199999999998,0.293952,1.1691783579959998,1.9582199999999997e-05,9.791099999999998,STOP
TITAN,172,2026-08-05 11:40:00+05:30,4917.5,4899.9,4952.700000000001,2,2026-08-05 15:10:00+05:30,4906.0,-23.0,20.26152686546,-43.26152686546,5.8941,2.453,0.6031629000000001,0.019646999999999998,0.29505000000000003,1.1730473184599999,1.9647e-05,9.8235,SESSION_CLOSE
TITAN,414,2026-08-10 13:50:00+05:30,5098.5,5077.0,5141.5,1,2026-08-10 13:55:00+05:30,5077.0,-21.5,10.49271876009,-31.99271876009,3.05265,1.26925,0.31238785,0.010175499999999999,0.152955,0.60754023459,1.0175500000000001e-05,5.08775,STOP
TITAN,473,2026-08-11 12:45:00+05:30,5146.8,5139.7,5161.000000000001,1,2026-08-11 13:25:00+05:30,5139.7,-7.100000000000364,10.60878895707,-17.708788957070364,3.0859499999999995,1.2849249999999999,0.31579555000000004,0.010286499999999999,0.154404,0.6141676205699999,1.02865e-05,5.14325,STOP
TITAN,561,2026-08-12 14:05:00+05:30,5040.4,5016.5,5088.199999999999,1,2026-08-12 15:00:00+05:30,5088.199999999999,47.79999999999927,10.451968763347997,37.34803123665127,3.038579999999999,1.2720499999999997,0.31094801999999994,0.010128599999999998,0.15121199999999999,0.6047400147479999,1.01286e-05,5.064299999999999,TARGET
TITAN,756,2026-08-17 12:20:00+05:30,5103.4,5088.2,5133.799999999999,1,2026-08-17 14:30:00+05:30,5088.2,-15.199999999999818,10.510017415687999,-25.710017415687815,3.0574799999999995,1.27205,0.31288212,0.010191599999999999,0.153102,0.6085015040879999,1.0191599999999999e-05,5.0958,STOP
TITAN,827,2026-08-18 12:15:00+05:30,5064.0,5052.4,5087.200000000001,1,2026-08-18 13:00:00+05:30,5052.4,-11.600000000000364,10.432851595752,-22.032851595752362,3.0349199999999996,1.2631,0.31057348,0.0101164,0.15192,0.6040115993519999,1.01164e-05,5.0582,STOP
TITAN,875,2026-08-19 10:15:00+05:30,5071.0,5062.5,5088.0,1,2026-08-19 10:35:00+05:30,5062.5,-8.5,10.450829658530001,-18.95082965853,3.04005,1.265625,0.31109845,0.0101335,0.15213000000000002,0.60503257503,1.01335e-05,5.06675,STOP
TITAN,1207,2026-08-25 13:55:00+05:30,5076.2,5068.0,5092.599999999999,1,2026-08-25 14:25:00+05:30,5092.599999999999,16.399999999999636,10.489977331983997,5.910022668015639,3.0506399999999996,1.2731499999999998,0.31218216,0.010168799999999999,0.152286,0.6071402031839999,1.01688e-05,5.0844,TARGET
TITAN,1237,2026-08-27 10:25:00+05:30,5120.0,5098.2,5163.6,1,2026-08-27 13:20:00+05:30,5163.6,43.600000000000364,10.611374876248,32.988625123752364,3.0850799999999996,1.2909000000000002,0.31570652000000005,0.0102836,0.15360000000000001,0.6139944726479999,1.0283600000000001e-05,5.1418,TARGET
TITAN,1352,2026-08-28 14:00:00+05:30,5166.2,5161.1,5176.399999999999,1,2026-08-28 14:05:00+05:30,5161.1,-5.099999999999454,10.651090370014,-15.751090370013454,3.0981899999999998,1.290275,0.31704811,0.0103273,0.15498599999999998,0.616603632714,1.03273e-05,5.16365,STOP
TITAN,1411,2026-08-31 12:55:00+05:30,5129.8,5118.2,5153.000000000001,1,2026-08-31 14:05:00+05:30,5118.2,-11.600000000000364,10.568584780639998,-22.168584780640362,3.0744,1.27955,0.3146136,0.010248,0.153894,0.61186893264,1.0248e-05,5.124,STOP
ADANIENT,30,2026-08-03 11:50:00+05:30,3066.7,3055.7,3088.7,3,2026-08-03 15:00:00+05:30,3055.7,-33.0,18.940431956495996,-51.940431956496,5.510159999999999,2.291775,0.5638730399999999,0.018367199999999997,0.27600299999999994,1.0966353492959997,1.83672e-05,9.183599999999998,STOP
ADANIENT,395,2026-08-10 12:15:00+05:30,3001.2,2997.9,3007.7999999999993,3,2026-08-10 12:35:00+05:30,2997.9,-9.899999999999181,18.561455440613997,-28.46145544061318,5.399189999999999,2.248425,0.55251711,0.017997299999999997,0.27010799999999996,1.074550033314,1.79973e-05,8.99865,STOP
ADANIENT,444,2026-08-11 10:20:00+05:30,3031.5,3019.3,3055.8999999999996,3,2026-08-11 10:40:00+05:30,3019.3,-36.599999999999454,18.718489694231998,-55.31848969423145,5.44572,2.2644750000000005,0.55727868,0.0181524,0.272835,1.083810461832,1.8152400000000003e-05,9.0762,STOP
ADANIENT,549,2026-08-12 13:05:00+05:30,2962.2,2956.4,2973.7999999999993,3,2026-08-12 13:25:00+05:30,2956.4,-17.39999999999918,18.311545606644,-35.711545606643185,5.326739999999999,2.2173000000000003,0.54510306,0.0177558,0.26659799999999995,1.0601309908439998,1.77558e-05,8.8779,STOP
ADANIENT,566,2026-08-12 14:30:00+05:30,2966.0,2963.0,2972.0,3,2026-08-12 14:30:00+05:30,2972.0,18.0,18.375467504519996,-0.375467504519996,5.344199999999999,2.229,0.5468898,0.017814,0.26694,1.0636058905199997,1.7814000000000003e-05,8.907,TARGET
ADANIENT,631,2026-08-13 13:55:00+05:30,2964.9,2958.0,2978.7000000000003,3,2026-08-13 15:05:00+05:30,2958.0,-20.700000000000273,18.324487759266,-39.02448775926627,5.33061,2.2185,0.5454990900000001,0.0177687,0.26684100000000005,1.0609012005660001,1.77687e-05,8.88435,STOP
ADANIENT,702,2026-08-14 13:50:00+05:30,3026.0,3015.0,3048.0,3,2026-08-14 15:10:00+05:30,3048.0,66.0,18.80156163396,47.19843836604,5.4666,2.286,0.5594154,0.018222,0.27234,1.0879660119599996,1.8222000000000003e-05,9.111,TARGET
ADANIENT,830,2026-08-18 12:30:00+05:30,3034.4,3024.9,3053.4,3,2026-08-18 12:45:00+05:30,3024.9,-28.5,18.745681577322,-47.245681577322,5.45337,2.2686750000000004,0.55806153,0.0181779,0.273096,1.085332969422,1.81779e-05,9.08895,STOP
ADANIENT,963,2026-08-20 11:35:00+05:30,3008.9,3002.2,3022.3000000000006,3,2026-08-20 11:50:00+05:30,3002.2,-20.10000000000082,18.597464099093997,-38.697464099094816,5.409989999999999,2.2516499999999997,0.55362231,0.0180333,0.270801,1.0766994557939997,1.80333e-05,9.01665,STOP
ADANIENT,1053,2026-08-21 13:05:00+05:30,2996.0,2991.6,3004.8,3,2026-08-21 13:05:00+05:30,3004.8,26.400000000000546,18.570708617232,7.829291382768545,5.40072,2.2536000000000005,0.5526736800000001,0.0180024,0.26964,1.074854534832,1.8002400000000002e-05,9.0012,TARGET
ADANIENT,1065,2026-08-21 14:05:00+05:30,3001.5,2997.3,3009.8999999999996,3,2026-08-21 14:10:00+05:30,2997.3,-12.599999999999454,18.560230174152004,-31.160230174151458,5.39892,2.2479750000000003,0.5524894800000001,0.0179964,0.270135,1.0744962977520003,1.7996400000000003e-05,8.9982,STOP
ADANIENT,1082,2026-08-24 09:30:00+05:30,3011.7,3006.7,3021.7,3,2026-08-24 09:45:00+05:30,3006.7,-15.0,18.620612916335993,-33.62061291633599,5.416559999999999,2.255025,0.55429464,0.018055199999999997,0.271053,1.0780070211359998,1.80552e-05,9.027599999999998,STOP
ADANIENT,1168,2026-08-25 10:40:00+05:30,3000.7,2987.3,3027.499999999999,3,2026-08-25 10:55:00+05:30,3027.499999999999,80.39999999999782,18.661430287427994,61.73856971256983,5.425379999999998,2.270624999999999,0.5551972199999998,0.018084599999999996,0.27006299999999994,1.0797623828279996,1.8084599999999996e-05,9.042299999999997,TARGET
ADANIENT,1257,2026-08-27 12:05:00+05:30,3154.0,3143.2,3175.6000000000004,3,2026-08-27 15:10:00+05:30,3159.3,15.900000000000546,19.536497848482,-3.6364978484814543,5.68197,2.3694750000000004,0.58145493,0.0189399,0.28386,1.1308290785819999,1.89399e-05,9.46995,SESSION_CLOSE
BAJFINANCE,166,2026-08-05 11:10:00+05:30,1160.6,1159.8,1162.1999999999998,8,2026-08-05 11:10:00+05:30,1159.8,-6.399999999999636,19.145513763775995,-25.54551376377563,5.568959999999999,2.3196,0.5698902399999999,0.018563199999999995,0.27854399999999996,1.1083377605759996,1.85632e-05,9.2816,STOP_TARGET_AMBIGUITY_STOP
BAJFINANCE,395,2026-08-10 12:15:00+05:30,1087.5,1086.8,1088.9,9,2026-08-10 12:15:00+05:30,1086.8,-6.300000000000409,20.182604683266,-26.48260468326641,5.870609999999999,2.4452999999999996,0.6007590899999999,0.019568699999999998,0.293625,1.1683723245659998,1.9568699999999998e-05,9.784349999999998,STOP_TARGET_AMBIGUITY_STOP
BAJFINANCE,396,2026-08-10 12:20:00+05:30,1088.3,1086.1,1092.7,9,2026-08-10 13:35:00+05:30,1092.7,39.60000000000082,20.249847536220003,19.350152463780816,5.888699999999999,2.458575,0.6026103,0.019629,0.29384099999999996,1.1719726072199999,1.9629e-05,9.8145,TARGET
BAJFINANCE,488,2026-08-11 14:00:00+05:30,1097.3,1095.7,1100.4999999999998,9,2026-08-11 14:20:00+05:30,1100.4999999999998,28.799999999998363,20.404608301836,8.395391698162364,5.934059999999999,2.4761249999999997,0.6072521399999999,0.019780199999999998,0.29627099999999995,1.1810001816359996,1.9780199999999997e-05,9.890099999999999,TARGET
BAJFINANCE,554,2026-08-12 13:30:00+05:30,1085.6,1084.0,1088.7999999999997,9,2026-08-12 14:30:00+05:30,1088.7999999999997,28.799999999998363,20.187393949727998,8.612606050270365,5.870879999999998,2.4497999999999993,0.60078672,0.019569599999999996,0.293112,1.1684260601279997,1.95696e-05,9.7848,TARGET
BAJFINANCE,629,2026-08-13 13:45:00+05:30,1089.9,1088.1,1093.5000000000005,9,2026-08-13 14:00:00+05:30,1088.1,-16.200000000001637,20.21586154236,-36.41586154236164,5.880599999999999,2.448225,0.6017814,0.019601999999999998,0.294273,1.17036054036,1.9602e-05,9.801,STOP
BAJFINANCE,637,2026-08-13 14:25:00+05:30,1090.3,1088.9,1093.0999999999997,9,2026-08-13 14:35:00+05:30,1088.9,-12.599999999998772,20.227396739904,-32.82739673990277,5.883839999999999,2.450025,0.60211296,0.0196128,0.29438099999999995,1.171005367104,1.96128e-05,9.8064,STOP
BAJFINANCE,806,2026-08-18 10:30:00+05:30,1096.2,1093.4,1101.8,9,2026-08-18 11:25:00+05:30,1093.4,-25.19999999999959,20.322550451952,-45.52255045195159,5.91192,2.46015,0.6049864800000001,0.0197064,0.295974,1.1765938655519999,1.97064e-05,9.8532,STOP
BAJFINANCE,827,2026-08-18 12:15:00+05:30,1098.5,1096.9,1101.6999999999998,9,2026-08-18 13:00:00+05:30,1096.9,-14.399999999999181,20.377577906748,-34.77757790674718,5.92758,2.4680250000000004,0.6065890199999999,0.019758599999999998,0.296595,1.179710528148,1.97586e-05,9.8793,STOP
BAJFINANCE,845,2026-08-18 13:45:00+05:30,1097.6,1095.6,1101.6,9,2026-08-18 13:50:00+05:30,1095.6,-18.0,20.356760044584004,-38.35676004458401,5.921639999999999,2.4651,0.60598116,0.019738799999999997,0.296352,1.1785283457839997,1.97388e-05,9.8694,STOP
BAJFINANCE,956,2026-08-20 11:00:00+05:30,1100.8,1098.3,1105.8,9,2026-08-20 11:00:00+05:30,1098.3,-22.5,20.411032765842,-42.911032765841995,5.937569999999999,2.4711749999999997,0.6076113299999999,0.019791899999999998,0.297216,1.181698743942,1.97919e-05,9.89595,STOP
BAJFINANCE,1184,2026-08-25 12:00:00+05:30,1080.8,1079.0,1084.3999999999999,9,2026-08-25 12:35:00+05:30,1079.0,-16.19999999999959,20.046917046276,-36.24691704627559,5.831459999999999,2.42775,0.5967527399999999,0.019438199999999996,0.29181599999999996,1.1605806680759998,1.94382e-05,9.7191,STOP
