symbol,signal_time,entry_time,exit_time,entry,stop,target,exit,quantity,signal_score,rsi,vol_ratio,ema9,ema21,ema50,vwap,close_vwap_distance_pct,close_ema21_distance_pct,ema21_ema50_distance_pct,previous_close_vwap_distance_pct,pullback_distance_pct,body_ratio,risk_per_share,entry_stop_distance_pct,mae,mfe,mae_r,mfe_r,net_r,gross_pnl,total_cost,net_pnl,reason,signal_hour,signal_minute
ICICIBANK,2026-08-03 10:55:00+05:30,2026-08-03 11:00:00+05:30,2026-08-03 11:40:00+05:30,1446.2,1444.5,1449.6,1444.5,6,,61.66827850771797,1.584299708879824,1445.7483018657283,1444.6693341952723,,1445.9797317305017,0.015233150552858,0.10595267501683095,,-0.03556056997784758,,0.6363636363637303,1.7000000000000455,0.11754943991149533,-2.2000000000000455,2.2999999999999545,-1.2941176470588156,1.3529411764705253,-2.7537069030740713,-10.200000000000273,17.887810411356,-28.087810411356276,STOP,10,55
ADANIENT,2026-08-03 11:45:00+05:30,2026-08-03 11:50:00+05:30,2026-08-03 15:00:00+05:30,3066.7,3052.0,3096.0999999999995,3052.0,3,,61.66267659408898,3.1582474866575647,3055.9694712153387,3054.8877948057298,,3056.8893177028453,0.29803768963414873,0.3637516642399924,,0.05352215432998238,0.07089809051145755,0.6503496503496548,14.699999999999818,0.47934261584112625,-17.09999999999991,10.300000000000182,-1.1632653061224572,0.7006802721088646,-1.4292009600181004,-44.099999999999454,18.927762336798,-63.02776233679745,STOP,11,45
ADANIENT,2026-08-04 09:25:00+05:30,2026-08-04 09:30:00+05:30,2026-08-04 10:00:00+05:30,3076.8,3068.9,3092.6000000000004,3068.9,3,,67.82205208411233,1.904217911679736,3066.964211517898,3064.0630524376643,3061.852501687066,3064.8116686956128,0.41726320201038275,0.44179729106964993,0.07214442760372856,0.31221299696411353,-0.19796218489467832,0.29007633587784376,7.900000000000091,0.25676027041081934,-9.300000000000182,14.699999999999818,-1.177215189873427,1.8607594936708416,-1.8022595071045482,-23.700000000000276,19.013550318378,-42.71355031837828,STOP,9,25
AXISBANK,2026-08-04 10:00:00+05:30,2026-08-04 10:05:00+05:30,2026-08-04 10:55:00+05:30,1258.1,1253.4,1267.4999999999995,1253.4,7,,61.002456604793096,1.985890479919454,1255.1177939176014,1254.0847180115386,1251.7537634256316,1255.4689773232099,0.19363462743407867,0.30422840926655714,0.18586898894700662,0.11297317235735009,0.1260740415212491,0.47500000000002274,4.699999999999818,0.37357920674030826,-5.599999999999909,2.2000000000000455,-1.1914893617021545,0.4680851063830065,-1.5510344962915106,-32.89999999999873,18.12903492799,-51.029034927988725,STOP,10,0
M&M,2026-08-04 10:55:00+05:30,2026-08-04 11:00:00+05:30,2026-08-04 11:05:00+05:30,3428.9,3424.1,3438.5000000000005,3424.1,2,,63.18472840450185,1.2094258446788637,3425.313803024244,3418.5680762908596,3410.896285741584,3423.3486224902645,0.16216220203998277,0.3022295732764989,0.22441532179752394,0.12464373186354509,-0.07495843373049722,0.6326530612244595,4.800000000000182,0.1399865846189793,-7.300000000000182,5.199999999999818,-1.5208333333333135,1.0833333333332544,-2.4724386259457773,-9.600000000000364,14.13541080908,-23.735410809080363,STOP,10,55
AXISBANK,2026-08-05 09:35:00+05:30,2026-08-05 09:40:00+05:30,2026-08-05 10:25:00+05:30,1254.8,1252.0,1260.4,1252.0,7,,58.56259879246133,1.5153895313531702,1253.6341735180442,1251.4238484973562,1250.4983954975023,1252.2821579071622,0.20106028636913964,0.26978481404982685,0.07395200282982423,0.10205749457088847,-0.07809625843559227,0.5172413793103287,2.7999999999999545,0.2231431303793397,-6.099999999999909,2.7999999999999545,-2.1785714285714315,1.0,-1.9232941138657296,-19.59999999999968,18.096564631768,-37.696564631767686,STOP,9,35
TITAN,2026-08-05 10:45:00+05:30,2026-08-05 10:50:00+05:30,2026-08-05 15:10:00+05:30,4904.9,4896.4,4921.9,4906.0,2,,58.540585561447784,1.3728618769735448,4901.013715707485,4899.310802332009,4896.166739362628,4900.95703133144,0.0906551238902175,0.12428682142582315,0.06417357657499621,0.015988610279751507,0.08400085051441031,0.6301369863012795,8.5,0.17329609166343862,-7.799999999999272,15.700000000000728,-0.9176470588234438,1.8470588235294974,-1.061076906148428,2.200000000000728,20.238307404524,-18.038307404523277,SESSION_CLOSE,10,45
KOTAKBANK,2026-08-06 09:35:00+05:30,2026-08-06 09:40:00+05:30,2026-08-06 11:45:00+05:30,397.45,396.4,399.55,396.4,25,,55.94969257576174,1.8445824026116175,397.17250429502366,396.8816785165009,396.4451353296542,397.13663272554004,0.028546163994473045,0.0928038514843562,0.10999328275330908,-0.12996360995338507,0.18032671453738372,0.7647058823529451,1.0500000000000114,0.26418417410995376,-1.0500000000000114,0.9499999999999886,-1.0,0.9047619047618841,-1.7796829427076106,-26.250000000000284,20.466677246075,-46.716677246075285,STOP,9,35
HINDUNILVR,2026-08-06 11:50:00+05:30,2026-08-06 11:55:00+05:30,2026-08-06 12:10:00+05:30,2089.0,2087.5,2092.0,2092.0,4,,55.11321866212066,1.8258365531821825,2089.337581430611,2087.6725025889787,2085.216666732973,2088.772082573244,0.010911550793766496,0.06358743573884676,0.11763511053386763,-0.010321050333149801,0.053411794948505696,0.2142857142856679,1.5,0.07180469123982766,-1.0,3.0,-0.6666666666666666,2.0,-0.8750956130533333,12.0,17.25057367832,-5.250573678319999,TARGET,11,50
AXISBANK,2026-08-06 12:10:00+05:30,2026-08-06 12:15:00+05:30,2026-08-06 13:20:00+05:30,1257.2,1255.1,1261.4000000000003,1255.1,7,,60.71887999635646,2.1347227656773167,1256.1958001379844,1255.507496396435,1253.9927562409407,1256.224780665553,0.10151203463534489,0.15870105190800143,0.12064763928865045,-0.0495158336158111,0.08135987476799172,0.7916666666666745,2.1000000000001364,0.16703786191537834,-2.2000000000000455,2.2000000000000455,-1.0476190476190013,1.0476190476190013,-2.2337967896732533,-14.700000000000957,18.136812808198,-32.83681280819896,STOP,12,10
SBIN,2026-08-07 09:30:00+05:30,2026-08-07 09:35:00+05:30,2026-08-07 13:45:00+05:30,1086.9,1080.6,1099.5000000000005,1099.5000000000005,9,,65.59240043375006,1.219598294495851,1084.3683184598242,1082.1257934289847,1074.9318664475052,1084.4565710916017,0.1976500457035926,0.41346455265959103,0.6647958144204092,0.06897366643023657,0.33683599636451195,0.5428571428571038,6.300000000000182,0.5796301407673365,-5.7000000000000455,26.899999999999864,-0.9047619047618859,4.269841269841125,1.6418325939123912,113.40000000000327,20.308091925168004,93.09190807483527,TARGET,9,30
M&M,2026-08-07 13:50:00+05:30,2026-08-07 13:55:00+05:30,2026-08-07 14:20:00+05:30,3493.9,3487.0,3507.7000000000003,3487.0,2,,65.73382153383014,1.6944873351954268,3491.115220048644,3484.9894340270794,3470.281589647157,3491.5112654326676,0.07127958004809572,0.2585536095157819,0.4220341168416883,0.01574197116497994,0.110301812037499,0.4807692307692476,6.900000000000091,0.1974870488565812,-10.200000000000273,10.400000000000091,-1.4782608695652375,1.5072463768115876,-2.0433900554872326,-13.800000000000182,14.398782765724,-28.198782765724182,STOP,13,50
INFY,2026-08-10 09:25:00+05:30,2026-08-10 09:30:00+05:30,2026-08-10 09:55:00+05:30,1180.8,1176.3,1189.8,1189.8,8,,60.90086996460348,2.6965506164767192,1177.7329797284376,1177.167558493348,1175.774679639279,1178.0670392608224,0.22349837924586052,0.30007975340173376,0.11832460417545039,-0.1265511111121019,0.1265511111121019,0.8461538461538562,4.5,0.3810975609756098,-3.599999999999909,10.100000000000136,-0.7999999999999798,2.2444444444444747,1.4564346975759999,72.0,19.568350887264,52.431649112736,TARGET,9,25
HCLTECH,2026-08-10 10:15:00+05:30,2026-08-10 10:20:00+05:30,2026-08-10 12:40:00+05:30,1363.0,1358.2,1372.6,1358.2,7,,64.30537531944776,1.7701682762920468,1359.374080643031,1357.1875991984841,1354.229294200217,1357.6958166712268,0.39067538278035674,0.4282680452539144,0.21797318219044715,0.1999623412828172,-0.11151158741379856,0.8571428571428262,4.7999999999999545,0.35216434336023145,-5.400000000000091,4.5,-1.1250000000000295,0.9375000000000089,-1.584611920461672,-33.59999999999968,19.642960527512,-53.24296052751168,STOP,10,15
TITAN,2026-08-10 12:45:00+05:30,2026-08-10 12:50:00+05:30,2026-08-10 13:55:00+05:30,5084.8,5072.0,5110.400000000001,5072.0,1,,60.544248901843325,1.3126097316277903,5074.138531748279,5070.12882061656,5049.125663313228,5070.741536421581,0.2772467000623339,0.2893650221229698,0.41425293215287434,0.08651497423953369,-0.06481322058364283,0.6352941176470696,12.800000000000182,0.2517306482064227,-13.800000000000182,18.0,-1.078124999999999,1.40624999999998,-1.8183115973299881,-12.800000000000182,10.474388445824,-23.27438844582418,STOP,12,45
INFY,2026-08-11 11:30:00+05:30,2026-08-11 11:35:00+05:30,2026-08-11 14:35:00+05:30,1189.2,1186.1,1195.4000000000003,1186.1,8,,62.822474604861185,1.8954107042213582,1186.885287673059,1186.5805738696056,1186.1504238470109,1186.0700262458013,0.28918813209161215,0.2460369059366744,0.0362512274402013,0.1417721831293231,-0.034676952353343324,0.6388888888888521,3.1000000000001364,0.2606794483686627,-3.1000000000001364,3.7000000000000455,-1.0,1.1935483870967363,-1.790180798275449,-24.80000000000109,19.596483797232,-44.39648379723309,STOP,11,30
SBIN,2026-08-12 11:05:00+05:30,2026-08-12 11:10:00+05:30,2026-08-12 11:10:00+05:30,1080.6,1078.5,1084.7999999999995,1078.5,9,,63.50134830218011,1.3080350380640504,1079.4479253122443,1077.96165953833,1074.4755293533508,1079.3039322595278,0.120083667050006,0.24475271808831223,0.32340020205099096,-0.010353172797456418,0.06594930670192536,0.551724137931029,2.099999999999909,0.194336479733473,-2.3999999999998636,0.40000000000009095,-1.1428571428571275,0.19047619047624204,-2.0603239249229026,-18.89999999999918,20.040122181042,-38.940122181041176,STOP,11,5
SBIN,2026-08-12 12:55:00+05:30,2026-08-12 13:00:00+05:30,2026-08-12 13:05:00+05:30,1082.2,1081.0,1084.6,1081.0,9,,64.38615009726189,1.7210511087473748,1079.8845634947138,1078.6006217497686,1076.6676102132046,1079.8575447129394,0.21692262081507258,0.3337081564437,0.17921476194109157,0.20655797990812766,-0.1509700224488675,0.466666666666697,1.2000000000000455,0.11088523378303876,-1.6000000000001364,0.2999999999999545,-1.3333333333333965,0.24999999999995262,-2.859173343146596,-10.80000000000041,20.079072105984,-30.87907210598441,STOP,12,55
KOTAKBANK,2026-08-12 13:25:00+05:30,2026-08-12 13:30:00+05:30,2026-08-12 14:45:00+05:30,391.0,390.1,392.8,392.8,25,,59.78869534814193,2.6033954297769473,390.3870615286746,390.16539460236027,390.05092794039695,390.42950752716905,0.09489356354685333,0.1626503545468219,0.02933798423614154,0.02179346961942101,0.06786622487248163,0.388888888888924,0.8999999999999773,0.2301790281329865,-0.6000000000000227,1.8500000000000227,-0.6666666666667088,2.0555555555556326,1.101538947017755,44.99999999999886,20.2153736921,24.78462630789886,TARGET,13,25
SBIN,2026-08-13 10:40:00+05:30,2026-08-13 10:45:00+05:30,2026-08-13 11:45:00+05:30,1083.0,1080.5,1088.0,1080.5,9,,55.875726220190266,1.9252583315491016,1081.6885891673628,1081.4449504771312,1080.2212865390204,1082.2505432595774,0.0692498373034168,0.1437936829038501,0.11315083006036744,-0.13226067950506087,0.15074272620081688,0.9583333333332781,2.5,0.23084025854108958,-3.2000000000000455,2.0,-1.2800000000000182,0.8,-1.892469773572,-22.5,20.08056990537,-42.58056990537,STOP,10,40
HCLTECH,2026-08-13 11:45:00+05:30,2026-08-13 11:50:00+05:30,2026-08-13 12:00:00+05:30,1363.2,1360.1,1369.4000000000003,1369.4000000000003,7,,62.70432076331411,1.5479960993850892,1361.0135792619967,1360.2143559896394,1358.965227521533,1360.6821665897742,0.1703434841095131,0.2047944868464375,0.09183320721516529,0.004276483178755951,-0.004276483178755951,0.6578947368420738,3.1000000000001364,0.227406103286395,-0.40000000000009095,9.700000000000045,-0.1290322580645398,3.129032258064393,1.090611206429717,43.40000000000191,19.733736820476004,23.666263179525902,TARGET,11,45
KOTAKBANK,2026-08-13 12:10:00+05:30,2026-08-13 12:15:00+05:30,2026-08-13 12:50:00+05:30,391.5,391.15,392.2000000000001,392.2000000000001,25,,63.70297209237179,4.810982165637286,391.02218166292755,390.5768178903487,390.44932520203224,390.75907164643934,0.18961257903464807,0.23636377464431824,0.03264215449475495,0.23999595684858066,-0.1960385933999649,0.17647058823526265,0.35000000000002274,0.08939974457216418,-0.30000000000001137,0.75,-0.8571428571428339,2.142857142857004,-0.3096880199027073,17.500000000001137,20.20977017415,-2.709770174148865,TARGET,12,10
ADANIENT,2026-08-14 09:45:00+05:30,2026-08-14 09:50:00+05:30,2026-08-14 10:10:00+05:30,2970.1,2959.0,2992.3,2992.3,3,,63.03085604098889,1.2001387443635103,2963.1484861094486,2961.6995392156978,2959.6390873306677,2961.285619992587,0.32804603317654657,0.31402445322880834,0.0695699161156527,0.004743874520530842,0.059764636908379146,0.6296296296296254,11.099999999999909,0.37372479041109424,-6.5,39.70000000000027,-0.5855855855855904,3.5765765765766306,1.4457563810781937,66.59999999999945,18.456312510096,48.143687489903456,TARGET,9,45
WIPRO,2026-08-14 11:45:00+05:30,2026-08-14 11:50:00+05:30,2026-08-14 15:10:00+05:30,184.33,183.42,186.1500000000001,184.0,54,,60.59441350644771,2.6135053066468124,183.8034068923408,183.7969974362307,183.65732511017583,183.78014028631196,0.33728329553038827,0.32808074787974895,0.07599271370215067,0.03888319597315287,0.1723646852886288,0.8918918918918763,0.910000000000025,0.49367981337819394,-0.3300000000000125,0.6699999999999875,-0.3626373626373664,0.7362637362637023,-0.7800680292410912,-17.820000000000675,20.5125429569076,-38.33254295690828,SESSION_CLOSE,11,45
AXISBANK,2026-08-17 09:40:00+05:30,2026-08-17 09:45:00+05:30,2026-08-17 11:35:00+05:30,1222.5,1214.3,1238.9,1214.3,8,,63.4723374479444,2.182869991841503,1218.0104800221184,1217.078387657946,1215.880340546218,1217.8361259401795,0.3829640097283164,0.4454612288767157,0.09843631469239487,-0.07159726429032102,0.23591265150681315,0.5818181818181901,8.200000000000045,0.6707566462167727,-8.599999999999909,6.5,-1.0487804878048612,0.7926829268292639,-1.3063940263687788,-65.60000000000036,20.099448129791995,-85.69944812979236,STOP,9,40
TITAN,2026-08-17 12:15:00+05:30,2026-08-17 12:20:00+05:30,2026-08-17 14:30:00+05:30,5103.4,5088.2,5133.799999999999,5088.2,1,,61.21156916936304,6.3647305128801595,5092.37916526516,5088.214776337909,5081.793870793773,5093.734147184257,0.14264295320082768,0.2512713048503206,0.12619171608076912,0.01242825194451221,0.015080078026545932,0.6547619047618977,15.199999999999818,0.297840655249438,-19.5,7.600000000000364,-1.2828947368421206,0.5000000000000299,-1.691448514190008,-15.199999999999818,10.510017415688,-25.710017415687812,STOP,12,15
M&M,2026-08-18 09:25:00+05:30,2026-08-18 09:30:00+05:30,2026-08-18 09:40:00+05:30,3420.5,3405.2,3451.1000000000004,3405.2,2,,63.902802945742,1.9030748599526361,3410.533100149775,3408.843146273422,3408.0895474791296,3407.833659817745,0.35701097520428554,0.327291495907483,0.022107171317526604,0.13177836935581264,0.07416851640172453,0.6896551724137985,15.300000000000182,0.4473030258734157,-18.40000000000009,2.5,-1.202614379084959,0.16339869281045558,-1.4600256855245697,-30.600000000000364,14.076785977052,-44.67678597705236,STOP,9,25
BAJFINANCE,2026-08-18 10:25:00+05:30,2026-08-18 10:30:00+05:30,2026-08-18 11:30:00+05:30,1096.2,1093.1,1102.4000000000003,1093.1,9,,64.1279113589833,3.176045194034256,1093.3870072367254,1093.1734146434685,1093.1706612177925,1093.1150386227514,0.2639211130864553,0.258566968302405,0.000251874555229384,0.15546785221945505,-0.019145911063400852,0.6097560975609891,3.1000000000001364,0.2827951103813297,-3.2000000000000455,1.7999999999999545,-1.0322580645160984,0.5806451612902823,-1.728296367475452,-27.900000000001228,20.319468652566,-48.21946865256723,STOP,10,25
M&M,2026-08-18 11:30:00+05:30,2026-08-18 11:35:00+05:30,2026-08-18 15:10:00+05:30,3425.0,3417.5,3440.0,3417.5,2,,60.44754093969338,3.5778198981250053,3421.2626142394806,3418.326710134154,3414.266720426189,3420.0039428630002,0.14315940036318173,0.19229554174440489,0.11877126010011345,0.0251412855122699,-0.019291348892951168,0.6190476190476448,7.5,0.21897810218978103,-12.5,10.0,-1.6666666666666667,1.3333333333333333,-1.9408771505533333,-15.0,14.1131572583,-29.1131572583,STOP,11,30
SUNPHARMA,2026-08-19 11:10:00+05:30,2026-08-19 11:15:00+05:30,2026-08-19 11:30:00+05:30,1892.8,1889.6,1899.2,1889.6,5,,59.43842402622164,1.3428045670569142,1891.0970441067334,1889.5428066165186,1886.4628180200418,1891.3398190545258,0.07720352158630388,0.17237997319117382,0.16300178994049672,0.05722241106281346,0.03799964685192233,0.28571428571429347,3.2000000000000455,0.1690617075232484,-3.599999999999909,2.6000000000001364,-1.1249999999999556,0.8125000000000311,-2.2190132867599828,-16.000000000000227,19.50421258816,-35.50421258816023,STOP,11,10
HCLTECH,2026-08-19 11:40:00+05:30,2026-08-19 11:45:00+05:30,2026-08-19 12:15:00+05:30,1311.4,1308.2,1317.8000000000002,1317.8000000000002,7,,60.443382388645546,1.332412894418417,1308.253420045417,1307.224973720464,1305.8503125454909,1306.9857164925013,0.3377453519037077,0.3193808535996364,0.10515872956900492,0.27373356367168045,-0.10655960715662288,0.400000000000026,3.2000000000000455,0.24401403080677483,-3.1000000000001364,7.2999999999999545,-0.9687500000000289,2.2812499999999534,1.152350075732512,44.80000000000064,18.987358303592003,25.812641696408637,TARGET,11,40
TCS,2026-08-19 13:15:00+05:30,2026-08-19 13:20:00+05:30,2026-08-19 13:55:00+05:30,2283.1,2279.7,2289.9,2279.7,4,,64.25258477382542,1.9990713501348913,2280.0523721756203,2277.947912185291,2277.6495379628527,2279.521766519965,0.15258610517000085,0.2217824116031881,0.01309837774789292,0.09786027222480628,-0.09347213228038763,0.36734693877554053,3.400000000000091,0.14892032762472476,-4.799999999999727,0.8000000000001819,-1.411764705882235,0.23529411764710603,-2.3840384355599626,-13.600000000000364,18.822922723616,-32.42292272361636,STOP,13,15
LT,2026-08-20 10:00:00+05:30,2026-08-20 10:05:00+05:30,2026-08-20 10:15:00+05:30,4053.5,4050.2,4060.1,4050.2,2,,56.57389276922634,2.519815679125246,4055.0460144640942,4048.90843596574,4044.0473639402703,4051.87071638476,0.03280666408887895,0.10599311152948425,0.12005882825824345,0.0820990744942881,-0.07468979341382356,0.047619047619001216,3.300000000000182,0.08141112618725008,-3.400000000000091,2.5,-1.030303030303001,0.7575757575757158,-3.5326822316865267,-6.600000000000364,16.715702729131998,-23.31570272913236,STOP,10,0
AXISBANK,2026-08-20 10:35:00+05:30,2026-08-20 10:40:00+05:30,2026-08-20 12:30:00+05:30,1251.0,1247.6,1257.8000000000002,1247.6,7,,66.7521816397958,1.4886959751172184,1249.910067601462,1246.6546923130309,1240.8722458147201,1250.3311230630406,0.07748962807434288,0.37262184272937937,0.4638370620161085,-0.1579465199276335,0.1579465199276335,0.8048780487804499,3.400000000000091,0.2717825739408546,-3.5,1.599999999999909,-1.0294117647058547,0.4705882352940783,-1.757852935278803,-23.80000000000064,18.036899859636,-41.83689985963663,STOP,10,35
BHARTIARTL,2026-08-20 12:30:00+05:30,2026-08-20 12:35:00+05:30,2026-08-20 13:05:00+05:30,1945.0,1943.6,1947.8,1947.8,5,,62.06206864445252,1.454440089004062,1944.241069102642,1943.1361823063526,1940.0345072552545,1943.8520073123875,0.07449089139324282,0.11135697607560906,0.15962211394862602,0.0008461663670424876,0.004298704043334807,0.9411764705881566,1.400000000000091,0.07197943444730545,-1.0,6.0,-0.7142857142856679,4.285714285714008,-0.8681213359312417,14.00000000000091,20.07684935152,-6.076849351519087,TARGET,12,30
AXISBANK,2026-08-21 09:25:00+05:30,2026-08-21 09:30:00+05:30,2026-08-21 11:45:00+05:30,1252.5,1245.1,1267.3000000000002,1245.1,7,,64.92737234225069,1.9548784536500794,1248.65135902836,1248.210872231312,1247.5803749716601,1248.1992698119896,0.3525663164883295,0.35163351532437565,0.0505120788224401,-0.04650038067588553,0.21479924950253262,0.981818181818157,7.400000000000091,0.5908183632734604,-7.400000000000091,3.900000000000091,-1.0,0.5270270270270329,-1.3480038611848606,-51.80000000000064,18.026600009376,-69.82660000937663,STOP,9,25
RELIANCE,2026-08-21 11:45:00+05:30,2026-08-21 11:50:00+05:30,2026-08-21 11:55:00+05:30,1312.7,1312.0,1314.1,1312.0,7,,56.373661000067074,2.025806535573457,1312.4695231506503,1311.9987097870398,1311.8665097881496,1312.4411008336008,0.027345925555913586,0.06107400921836081,0.010076229336510483,0.007009024951614401,0.015851461719753837,0.6250000000000355,0.7000000000000455,0.05332520758741872,-1.2999999999999545,0.7999999999999545,-1.8571428571426716,1.1428571428570036,-4.867224893351178,-4.900000000000318,18.949401977422,-23.84940197742232,STOP,11,45
KOTAKBANK,2026-08-21 11:55:00+05:30,2026-08-21 12:00:00+05:30,2026-08-21 13:45:00+05:30,403.35,402.35,405.35,402.35,24,,59.03904040905006,2.929459470917276,402.9451358288963,402.7193855087207,401.4645310118538,402.8720950019108,0.1186244974566836,0.15658905778343515,0.31159525516302616,-0.07604754857746844,0.12569303482832764,0.8000000000000114,1.0,0.24792363951902813,-1.3000000000000114,0.6499999999999773,-1.3000000000000114,0.6499999999999773,-1.830894764926,-24.0,19.941474358224003,-43.941474358224,STOP,11,55
LT,2026-08-24 09:35:00+05:30,2026-08-24 09:40:00+05:30,2026-08-24 11:30:00+05:30,4102.0,4085.1,4135.8,4085.1,2,,67.05102072270643,2.087160674981658,4092.5507586433937,4090.054516444231,4084.1852925356225,4092.546195791873,0.22855708306346734,0.2896167644744923,0.14349989431708288,-0.0035523915052061024,0.11353259784474577,0.4681818181817961,16.90000000000009,0.4119941491955166,-20.0,3.0,-1.1834319526627155,0.17751479289940733,-1.499548800199879,-33.80000000000018,16.884749446755997,-50.68474944675618,STOP,9,35
HCLTECH,2026-08-24 12:25:00+05:30,2026-08-24 12:30:00+05:30,2026-08-24 12:45:00+05:30,1320.2,1317.3,1326.0000000000002,1317.3,7,,57.497466235739466,2.6256102234815883,1318.117552453814,1317.967022719723,1317.1030800288675,1317.731781841057,0.17213048893561478,0.15425099757669275,0.06555116144505102,0.03233172436653891,0.03596527043845198,0.7727272727272774,2.900000000000091,0.2196636873201099,-3.2999999999999545,1.7999999999999545,-1.1379310344827072,0.6206896551723786,-1.9379370473275566,-20.30000000000064,19.04012206075,-39.34012206075063,STOP,12,25
SUNPHARMA,2026-08-24 12:55:00+05:30,2026-08-24 13:00:00+05:30,2026-08-24 13:00:00+05:30,1919.0,1916.5,1924.0,1916.5,5,,59.4441551548255,1.5738758877695638,1917.7018923196463,1916.796546033777,1911.8402262576856,1917.6747335903005,0.069107987214196,0.11495502591458108,0.25857307528788537,0.008380970419240536,0.01769411457070034,0.3095238095237953,2.5,0.13027618551328818,-2.7000000000000455,0.900000000000091,-1.0800000000000183,0.3600000000000364,-2.582274895556,-12.5,19.77843619445,-32.27843619445,STOP,12,55
HINDUNILVR,2026-08-25 11:15:00+05:30,2026-08-25 11:20:00+05:30,2026-08-25 11:30:00+05:30,2026.0,2023.0,2032.0,2023.0,4,,63.793003614836465,1.5055846960814563,2023.7754443389492,2022.8298473255227,2020.7766689455718,2023.6497486590197,0.14084706816824666,0.18143654936324977,0.10150030081202592,0.020286659078200393,0.014310465328262663,0.6222222222222121,3.0,0.14807502467917077,-3.0,2.2000000000000455,-1.0,0.7333333333333485,-2.391945890606667,-12.0,16.70335068728,-28.70335068728,STOP,11,15
ITC,2026-08-25 11:35:00+05:30,2026-08-25 11:40:00+05:30,2026-08-25 15:10:00+05:30,269.0,268.15,270.70000000000005,270.35,37,,59.003019570729734,1.477419829522317,268.59424348249826,268.56211582441165,268.4737162889184,268.64113694875624,0.13358454900829753,0.1630476339688372,0.032915862023903064,-0.008498557697886456,0.17601968818575128,0.5384615384615452,0.8500000000000227,0.3159851301115326,-0.10000000000002274,1.3999999999999773,-0.11764705882355302,1.6470588235293409,0.9336023970200018,49.95000000000084,20.588204613721,29.36179538627984,SESSION_CLOSE,11,35
TITAN,2026-08-27 09:40:00+05:30,2026-08-27 09:45:00+05:30,2026-08-27 09:50:00+05:30,5097.9,5085.5,5122.699999999999,5085.5,1,,58.11288576745056,1.7140173612731602,5096.044695536715,5093.373166770063,5084.4859143378135,5097.8138579442475,0.029152536698387493,0.1163636167207349,0.17448657581642366,-0.13057527337617572,0.2423869721783712,0.5144508670520492,12.399999999999636,0.2432374114831526,-25.0,2.600000000000364,-2.0161290322581236,0.2096774193548742,-1.8469248287751865,-12.399999999999636,10.501867876812,-22.90186787681164,STOP,9,40
TITAN,2026-08-27 10:20:00+05:30,2026-08-27 10:25:00+05:30,2026-08-27 13:25:00+05:30,5120.0,5088.1,5183.799999999999,5183.799999999999,1,,64.06756742539798,4.986706919608895,5098.046206122738,5094.772749403865,5087.353181870273,5097.845804849067,0.3659230950686973,0.42646162380209923,0.14563098097869878,0.10923785404531354,0.09104738340859148,0.7489711934156248,31.899999999999636,0.6230468749999929,-12.399999999999636,66.69999999999982,-0.3887147335423128,2.090909090909109,1.6666322476086486,63.79999999999927,10.634431301284,53.16556869871528,TARGET,10,20
SUNPHARMA,2026-08-27 14:25:00+05:30,2026-08-27 14:30:00+05:30,2026-08-27 14:30:00+05:30,1912.7,1910.3,1917.5,1910.3,5,,54.19554012705599,1.5118028234205045,1911.8785865495324,1911.61757462971,1911.3315355475142,1911.589912905605,0.047608908597542236,0.04616118736306468,0.014963195881428552,0.015103798761749557,0.06431144278258082,0.4117647058823687,2.400000000000091,0.12547707429288915,-4.0,0.0,-1.6666666666666035,0.0,-2.642835687141604,-12.000000000000457,19.7140282457,-31.71402824570045,STOP,14,25
SUNPHARMA,2026-08-28 10:30:00+05:30,2026-08-28 10:35:00+05:30,2026-08-28 11:05:00+05:30,1915.0,1910.5,1924.0,1910.5,5,,56.40353065400981,3.2620011567379987,1912.8913976236759,1912.5083260127292,1912.047065444781,1912.7549089692213,0.11737473631624559,0.13028303999416058,0.02411809463385479,-0.0383119926684337,0.09199373453529429,0.8,4.5,0.2349869451697128,-6.7999999999999545,1.5,-1.511111111111101,0.3333333333333333,-1.8767007037977776,-22.5,19.72576583545,-42.22576583545,STOP,10,30
AXISBANK,2026-08-28 11:10:00+05:30,2026-08-28 11:15:00+05:30,2026-08-28 11:15:00+05:30,1262.3,1260.4,1266.0999999999997,1260.4,7,,58.79298811392119,1.2449091396533436,1262.0189953169386,1260.215672044481,1258.5933878537796,1261.7532901136312,0.04332938068419709,0.16539454331158804,0.1287306789376313,-0.011132050710243965,0.034914386700716005,0.3870967741935744,1.8999999999998636,0.15051889408222005,-2.0,0.40000000000009095,-1.052631578947444,0.21052631578953668,-2.3693273120979934,-13.299999999999043,18.212053250902,-31.512053250901047,STOP,11,10
WIPRO,2026-08-28 11:15:00+05:30,2026-08-28 11:20:00+05:30,2026-08-28 11:25:00+05:30,180.29,179.72,181.43,179.72,55,,59.132225048079164,1.7307735453257103,180.1684928258266,179.8989300545693,179.14456877956152,180.24904841539637,0.022719445657900413,0.21738314136280648,0.4193250481139295,-0.13968256324792624,0.28394127273539504,0.5849056603773616,0.5699999999999932,0.31615730212435145,-0.5699999999999932,0.17000000000001592,-1.0,0.29824561403511923,-1.6513231559154466,-31.349999999999625,20.418980937949,-51.76898093794863,STOP,11,15
BHARTIARTL,2026-08-31 10:15:00+05:30,2026-08-31 10:20:00+05:30,2026-08-31 10:40:00+05:30,1882.5,1878.1,1891.3,1891.3,5,,52.27682605435174,1.434444851305433,1882.7152088471266,1881.750704326331,1880.3137308664889,1881.6351653992535,0.045961864268356085,0.03981907231102582,0.07636364671146123,-0.04137092388767016,0.10500080754970112,0.5957446808510484,4.400000000000091,0.23373173970784017,-0.5,13.0,-0.11363636363636129,2.9545454545453933,1.1151608145718366,44.00000000000091,19.46646207942,24.533537920580912,TARGET,10,15
BHARTIARTL,2026-08-31 10:40:00+05:30,2026-08-31 10:45:00+05:30,2026-08-31 13:25:00+05:30,1890.9,1882.9,1906.9,1882.9,5,,62.22546884528568,5.112110036207921,1885.369751635027,1883.4661960039557,1881.3653019066437,1886.8972626275768,0.21213329690506627,0.3946874125915439,0.11154402992574765,0.09031363139679471,0.05830644505646215,0.514851485148524,8.0,0.42307895711037075,-9.400000000000091,3.199999999999818,-1.1750000000000114,0.39999999999997726,-1.4864305519855,-40.0,19.45722207942,-59.45722207942,STOP,10,40
AXISBANK,2026-08-31 13:25:00+05:30,2026-08-31 13:30:00+05:30,2026-08-31 15:10:00+05:30,1263.2,1260.2,1269.2,1260.2,7,,58.83303358660357,1.628647575277801,1261.9109143519202,1261.5814034962848,1260.4637060074826,1262.1856116883127,0.08036760222059908,0.12829901417614065,0.08859495595802368,-0.10112995319617966,0.15658971133145383,0.7187499999999756,3.0,0.23749208359721344,-3.2000000000000455,4.7999999999999545,-1.0666666666666818,1.5999999999999848,-1.8674409593373331,-21.0,18.216260146084,-39.216260146084,STOP,13,25
